agent,date,hour,cash_in,cash_out,payday,weekend,shock
A01,2026-01-01,9,1300,4900,1,0,1
A01,2026-01-01,10,2000,3700,1,0,1
A01,2026-01-01,11,3400,3800,1,0,1
A01,2026-01-01,12,6000,2400,1,0,1
A01,2026-01-01,13,2600,2500,1,0,1
A01,2026-01-01,14,3400,8000,1,0,1
A01,2026-01-01,15,3500,7700,1,0,1
A01,2026-01-01,16,900,10600,1,0,1
A01,2026-01-01,17,1900,12100,1,0,1
A01,2026-01-01,18,1900,14600,1,0,1
A01,2026-01-01,19,2400,10400,1,0,1
A01,2026-01-01,20,1000,5700,1,0,1
A01,2026-01-02,9,7000,6500,1,1,1
A01,2026-01-02,10,13100,9300,1,1,1
A01,2026-01-02,11,5800,6000,1,1,1
A01,2026-01-02,12,5800,3600,1,1,1
A01,2026-01-02,13,5800,7100,1,1,1
A01,2026-01-02,14,5800,3800,1,1,1
A01,2026-01-02,15,3500,17900,1,1,1
A01,2026-01-02,16,4700,11700,1,1,1
A01,2026-01-02,17,2200,14200,1,1,1
A01,2026-01-02,18,3300,19300,1,1,1
A01,2026-01-02,19,2200,11500,1,1,1
A01,2026-01-02,20,4100,6000,1,1,1
A01,2026-01-03,9,3000,6400,1,1,0
A01,2026-01-03,10,3900,3200,1,1,0
A01,2026-01-03,11,8800,4200,1,1,0
A01,2026-01-03,12,7200,6700,1,1,0
A01,2026-01-03,13,2100,4400,1,1,0
A01,2026-01-03,14,4300,2800,1,1,0
A01,2026-01-03,15,2100,5100,1,1,0
A01,2026-01-03,16,5600,12800,1,1,0
A01,2026-01-03,17,2200,6300,1,1,0
A01,2026-01-03,18,4000,8100,1,1,0
A01,2026-01-03,19,2300,5300,1,1,0
A01,2026-01-03,20,5800,5100,1,1,0
A01,2026-01-04,9,7900,6000,1,0,0
A01,2026-01-04,10,2000,3500,1,0,0
A01,2026-01-04,11,3500,4500,1,0,0
A01,2026-01-04,12,3700,5000,1,0,0
A01,2026-01-04,13,2300,7600,1,0,0
A01,2026-01-04,14,8100,12800,1,0,0
A01,2026-01-04,15,2700,9800,1,0,0
A01,2026-01-04,16,5000,10100,1,0,0
A01,2026-01-04,17,4500,10400,1,0,0
A01,2026-01-04,18,1800,8200,1,0,0
A01,2026-01-04,19,2300,7300,1,0,0
A01,2026-01-04,20,1400,5300,1,0,0
A01,2026-01-05,9,3300,3000,1,0,0
A01,2026-01-05,10,3600,3000,1,0,0
A01,2026-01-05,11,3200,2100,1,0,0
A01,2026-01-05,12,1900,2100,1,0,0
A01,2026-01-05,13,1500,2400,1,0,0
A01,2026-01-05,14,1400,4200,1,0,0
A01,2026-01-05,15,1400,4400,1,0,0
A01,2026-01-05,16,1400,8300,1,0,0
A01,2026-01-05,17,1400,18200,1,0,0
A01,2026-01-05,18,2200,7800,1,0,0
A01,2026-01-05,19,2200,5000,1,0,0
A01,2026-01-05,20,2200,5600,1,0,0
A01,2026-01-06,9,3500,1800,0,0,0
A01,2026-01-06,10,2800,3700,0,0,0
A01,2026-01-06,11,3400,1600,0,0,0
A01,2026-01-06,12,3300,1200,0,0,0
A01,2026-01-06,13,4200,3900,0,0,0
A01,2026-01-06,14,2000,2800,0,0,0
A01,2026-01-06,15,1900,7200,0,0,0
A01,2026-01-06,16,3900,5200,0,0,0
A01,2026-01-06,17,2400,5100,0,0,0
A01,2026-01-06,18,2000,4400,0,0,0
A01,2026-01-06,19,1500,7200,0,0,0
A01,2026-01-06,20,2100,5000,0,0,0
A01,2026-01-07,9,4300,2100,0,0,1
A01,2026-01-07,10,6700,2000,0,0,1
A01,2026-01-07,11,8900,1600,0,0,1
A01,2026-01-07,12,5000,4800,0,0,1
A01,2026-01-07,13,3200,2600,0,0,1
A01,2026-01-07,14,2500,3900,0,0,1
A01,2026-01-07,15,3400,5100,0,0,1
A01,2026-01-07,16,1800,11500,0,0,1
A01,2026-01-07,17,1800,5000,0,0,1
A01,2026-01-07,18,2900,10300,0,0,1
A01,2026-01-07,19,4300,10600,0,0,1
A01,2026-01-07,20,1400,6800,0,0,1
A01,2026-01-08,9,2800,1500,0,0,0
A01,2026-01-08,10,4200,1000,0,0,0
A01,2026-01-08,11,4200,1800,0,0,0
A01,2026-01-08,12,3600,1900,0,0,0
A01,2026-01-08,13,8000,1200,0,0,0
A01,2026-01-08,14,2300,2400,0,0,0
A01,2026-01-08,15,1600,2100,0,0,0
A01,2026-01-08,16,2200,7100,0,0,0
A01,2026-01-08,17,2900,8400,0,0,0
A01,2026-01-08,18,3600,7700,0,0,0
A01,2026-01-08,19,3900,2300,0,0,0
A01,2026-01-08,20,1800,2400,0,0,0
A01,2026-01-09,9,2600,4400,0,1,0
A01,2026-01-09,10,9000,1600,0,1,0
A01,2026-01-09,11,7200,4200,0,1,0
A01,2026-01-09,12,6700,3200,0,1,0
A01,2026-01-09,13,4700,2200,0,1,0
A01,2026-01-09,14,6600,3600,0,1,0
A01,2026-01-09,15,2000,4600,0,1,0
A01,2026-01-09,16,5500,8000,0,1,0
A01,2026-01-09,17,3400,7300,0,1,0
A01,2026-01-09,18,3600,3600,0,1,0
A01,2026-01-09,19,3600,3800,0,1,0
A01,2026-01-09,20,3700,2100,0,1,0
A01,2026-01-10,9,7300,1300,0,1,0
A01,2026-01-10,10,9200,900,0,1,0
A01,2026-01-10,11,8000,1900,0,1,0
A01,2026-01-10,12,3900,2400,0,1,0
A01,2026-01-10,13,3300,1900,0,1,0
A01,2026-01-10,14,2100,3400,0,1,0
A01,2026-01-10,15,2000,1700,0,1,0
A01,2026-01-10,16,2700,5900,0,1,0
A01,2026-01-10,17,3800,4300,0,1,0
A01,2026-01-10,18,3000,2800,0,1,0
A01,2026-01-10,19,1800,3600,0,1,0
A01,2026-01-10,20,3000,2100,0,1,0
A01,2026-01-11,9,1700,2500,0,0,0
A01,2026-01-11,10,4100,3500,0,0,0
A01,2026-01-11,11,2500,4000,0,0,0
A01,2026-01-11,12,1900,2300,0,0,0
A01,2026-01-11,13,4600,2700,0,0,0
A01,2026-01-11,14,2100,2200,0,0,0
A01,2026-01-11,15,1900,2200,0,0,0
A01,2026-01-11,16,1400,6700,0,0,0
A01,2026-01-11,17,2300,7700,0,0,0
A01,2026-01-11,18,2300,2000,0,0,0
A01,2026-01-11,19,3100,4900,0,0,0
A01,2026-01-11,20,2200,3300,0,0,0
A01,2026-01-12,9,2900,900,0,0,0
A01,2026-01-12,10,800,2100,0,0,0
A01,2026-01-12,11,3600,2000,0,0,0
A01,2026-01-12,12,3500,2300,0,0,0
A01,2026-01-12,13,4800,1300,0,0,0
A01,2026-01-12,14,2800,2200,0,0,0
A01,2026-01-12,15,2700,4400,0,0,0
A01,2026-01-12,16,1900,8300,0,0,0
A01,2026-01-12,17,1200,3800,0,0,0
A01,2026-01-12,18,1300,2300,0,0,0
A01,2026-01-12,19,1800,3500,0,0,0
A01,2026-01-12,20,2700,2100,0,0,0
A01,2026-01-13,9,6500,2000,0,0,0
A01,2026-01-13,10,3600,3000,0,0,0
A01,2026-01-13,11,6600,1600,0,0,0
A01,2026-01-13,12,4000,2800,0,0,0
A01,2026-01-13,13,6100,4300,0,0,0
A01,2026-01-13,14,4300,4800,0,0,0
A01,2026-01-13,15,2400,2800,0,0,0
A01,2026-01-13,16,6200,9400,0,0,0
A01,2026-01-13,17,2900,6000,0,0,0
A01,2026-01-13,18,2300,11100,0,0,0
A01,2026-01-13,19,3900,7100,0,0,0
A01,2026-01-13,20,3000,4700,0,0,0
A01,2026-01-14,9,3300,1800,0,0,0
A01,2026-01-14,10,4900,1500,0,0,0
A01,2026-01-14,11,5900,1500,0,0,0
A01,2026-01-14,12,4100,1700,0,0,0
A01,2026-01-14,13,3100,5000,0,0,0
A01,2026-01-14,14,5700,2000,0,0,0
A01,2026-01-14,15,3200,3900,0,0,0
A01,2026-01-14,16,1100,2400,0,0,0
A01,2026-01-14,17,1700,6000,0,0,0
A01,2026-01-14,18,1900,2800,0,0,0
A01,2026-01-14,19,2900,1200,0,0,0
A01,2026-01-14,20,1700,2000,0,0,0
A01,2026-01-15,9,5200,3600,0,0,0
A01,2026-01-15,10,2700,7300,0,0,0
A01,2026-01-15,11,9200,2500,0,0,0
A01,2026-01-15,12,4300,2800,0,0,0
A01,2026-01-15,13,3700,3200,0,0,0
A01,2026-01-15,14,3900,5600,0,0,0
A01,2026-01-15,15,7700,5800,0,0,0
A01,2026-01-15,16,2900,5900,0,0,0
A01,2026-01-15,17,3200,7100,0,0,0
A01,2026-01-15,18,3700,5900,0,0,0
A01,2026-01-15,19,3600,2800,0,0,0
A01,2026-01-15,20,5700,2800,0,0,0
A01,2026-01-16,9,5600,3300,0,1,0
A01,2026-01-16,10,3800,1800,0,1,0
A01,2026-01-16,11,5400,3100,0,1,0
A01,2026-01-16,12,2500,700,0,1,0
A01,2026-01-16,13,3200,2800,0,1,0
A01,2026-01-16,14,2200,2600,0,1,0
A01,2026-01-16,15,3500,4600,0,1,0
A01,2026-01-16,16,1900,3500,0,1,0
A01,2026-01-16,17,4100,4900,0,1,0
A01,2026-01-16,18,3700,3600,0,1,0
A01,2026-01-16,19,1500,3300,0,1,0
A01,2026-01-16,20,2500,2600,0,1,0
A01,2026-01-17,9,4700,2000,0,1,0
A01,2026-01-17,10,3000,4000,0,1,0
A01,2026-01-17,11,5300,1300,0,1,0
A01,2026-01-17,12,5700,1700,0,1,0
A01,2026-01-17,13,3000,2700,0,1,0
A01,2026-01-17,14,4800,1800,0,1,0
A01,2026-01-17,15,1300,2800,0,1,0
A01,2026-01-17,16,4100,3600,0,1,0
A01,2026-01-17,17,4200,2400,0,1,0
A01,2026-01-17,18,3600,3500,0,1,0
A01,2026-01-17,19,4500,3600,0,1,0
A01,2026-01-17,20,3000,1500,0,1,0
A01,2026-01-18,9,2800,1300,0,0,0
A01,2026-01-18,10,2400,1800,0,0,0
A01,2026-01-18,11,5000,1900,0,0,0
A01,2026-01-18,12,9300,2600,0,0,0
A01,2026-01-18,13,2100,2600,0,0,0
A01,2026-01-18,14,5700,5200,0,0,0
A01,2026-01-18,15,1700,4400,0,0,0
A01,2026-01-18,16,1800,1500,0,0,0
A01,2026-01-18,17,1400,8600,0,0,0
A01,2026-01-18,18,2700,4400,0,0,0
A01,2026-01-18,19,2400,2300,0,0,0
A01,2026-01-18,20,2400,1900,0,0,0
A01,2026-01-19,9,5400,2200,0,0,0
A01,2026-01-19,10,7000,1600,0,0,0
A01,2026-01-19,11,3300,3200,0,0,0
A01,2026-01-19,12,7500,3500,0,0,0
A01,2026-01-19,13,2000,1800,0,0,0
A01,2026-01-19,14,4300,2700,0,0,0
A01,2026-01-19,15,2700,8100,0,0,0
A01,2026-01-19,16,2700,5200,0,0,0
A01,2026-01-19,17,4500,9500,0,0,0
A01,2026-01-19,18,2000,5300,0,0,0
A01,2026-01-19,19,2200,5200,0,0,0
A01,2026-01-19,20,1500,3300,0,0,0
A01,2026-01-20,9,3500,3100,0,0,0
A01,2026-01-20,10,5100,1900,0,0,0
A01,2026-01-20,11,3600,1400,0,0,0
A01,2026-01-20,12,4400,1400,0,0,0
A01,2026-01-20,13,4600,3600,0,0,0
A01,2026-01-20,14,3700,1900,0,0,0
A01,2026-01-20,15,1700,3100,0,0,0
A01,2026-01-20,16,3900,4600,0,0,0
A01,2026-01-20,17,1700,7700,0,0,0
A01,2026-01-20,18,2800,7800,0,0,0
A01,2026-01-20,19,1800,2600,0,0,0
A01,2026-01-20,20,1700,1900,0,0,0
A01,2026-01-21,9,3500,1200,0,0,0
A01,2026-01-21,10,3100,700,0,0,0
A01,2026-01-21,11,4700,1800,0,0,0
A01,2026-01-21,12,4100,1900,0,0,0
A01,2026-01-21,13,2200,1900,0,0,0
A01,2026-01-21,14,2000,4000,0,0,0
A01,2026-01-21,15,1800,3000,0,0,0
A01,2026-01-21,16,3600,3200,0,0,0
A01,2026-01-21,17,900,4700,0,0,0
A01,2026-01-21,18,1500,5100,0,0,0
A01,2026-01-21,19,2000,2100,0,0,0
A01,2026-01-21,20,2600,1700,0,0,0
A01,2026-01-22,9,5300,1300,0,0,0
A01,2026-01-22,10,3800,1200,0,0,0
A01,2026-01-22,11,2400,1500,0,0,0
A01,2026-01-22,12,4200,1400,0,0,0
A01,2026-01-22,13,2600,4000,0,0,0
A01,2026-01-22,14,1500,3400,0,0,0
A01,2026-01-22,15,2900,5000,0,0,0
A01,2026-01-22,16,1400,4600,0,0,0
A01,2026-01-22,17,1500,7400,0,0,0
A01,2026-01-22,18,2000,2200,0,0,0
A01,2026-01-22,19,4000,4300,0,0,0
A01,2026-01-22,20,2600,2000,0,0,0
A01,2026-01-23,9,4300,1400,0,1,0
A01,2026-01-23,10,3800,1300,0,1,0
A01,2026-01-23,11,2600,2200,0,1,0
A01,2026-01-23,12,3000,2000,0,1,0
A01,2026-01-23,13,2200,3200,0,1,0
A01,2026-01-23,14,1600,1400,0,1,0
A01,2026-01-23,15,2500,3800,0,1,0
A01,2026-01-23,16,3100,2800,0,1,0
A01,2026-01-23,17,3600,3200,0,1,0
A01,2026-01-23,18,3300,2500,0,1,0
A01,2026-01-23,19,1400,3400,0,1,0
A01,2026-01-23,20,1700,1400,0,1,0
A01,2026-01-24,9,5200,1700,0,1,0
A01,2026-01-24,10,5300,2000,0,1,0
A01,2026-01-24,11,4200,2100,0,1,0
A01,2026-01-24,12,3500,3100,0,1,0
A01,2026-01-24,13,3200,5900,0,1,0
A01,2026-01-24,14,1200,1600,0,1,0
A01,2026-01-24,15,2800,2200,0,1,0
A01,2026-01-24,16,2800,3200,0,1,0
A01,2026-01-24,17,1700,5600,0,1,0
A01,2026-01-24,18,2600,2100,0,1,0
A01,2026-01-24,19,2700,2100,0,1,0
A01,2026-01-24,20,2300,1500,0,1,0
A01,2026-01-25,9,2400,1300,0,0,0
A01,2026-01-25,10,2200,1800,0,0,0
A01,2026-01-25,11,2700,2500,0,0,0
A01,2026-01-25,12,1800,900,0,0,0
A01,2026-01-25,13,2300,2100,0,0,0
A01,2026-01-25,14,3700,2600,0,0,0
A01,2026-01-25,15,2100,2300,0,0,0
A01,2026-01-25,16,2200,2700,0,0,0
A01,2026-01-25,17,1900,3200,0,0,0
A01,2026-01-25,18,3700,4100,0,0,0
A01,2026-01-25,19,2000,2300,0,0,0
A01,2026-01-25,20,2600,2100,0,0,0
A01,2026-01-26,9,4000,2000,0,0,0
A01,2026-01-26,10,2700,2700,0,0,0
A01,2026-01-26,11,4900,1500,0,0,0
A01,2026-01-26,12,3900,1100,0,0,0
A01,2026-01-26,13,1500,1000,0,0,0
A01,2026-01-26,14,3100,5600,0,0,0
A01,2026-01-26,15,1600,2600,0,0,0
A01,2026-01-26,16,1100,2000,0,0,0
A01,2026-01-26,17,1900,4300,0,0,0
A01,2026-01-26,18,1200,6500,0,0,0
A01,2026-01-26,19,900,4400,0,0,0
A01,2026-01-26,20,1400,1900,0,0,0
A01,2026-01-27,9,5800,3200,0,0,0
A01,2026-01-27,10,2500,1800,0,0,0
A01,2026-01-27,11,5800,2400,0,0,0
A01,2026-01-27,12,4300,1300,0,0,0
A01,2026-01-27,13,5400,2200,0,0,0
A01,2026-01-27,14,4500,3700,0,0,0
A01,2026-01-27,15,3100,2700,0,0,0
A01,2026-01-27,16,3300,6000,0,0,0
A01,2026-01-27,17,2300,4200,0,0,0
A01,2026-01-27,18,4900,7200,0,0,0
A01,2026-01-27,19,3000,3800,0,0,0
A01,2026-01-27,20,1800,1800,0,0,0
A01,2026-01-28,9,3700,6100,1,0,0
A01,2026-01-28,10,3400,3900,1,0,0
A01,2026-01-28,11,1300,2600,1,0,0
A01,2026-01-28,12,2700,1700,1,0,0
A01,2026-01-28,13,2600,1700,1,0,0
A01,2026-01-28,14,1200,4100,1,0,0
A01,2026-01-28,15,1700,6400,1,0,0
A01,2026-01-28,16,1100,14500,1,0,0
A01,2026-01-28,17,1200,5200,1,0,0
A01,2026-01-28,18,900,5600,1,0,0
A01,2026-01-28,19,2600,5300,1,0,0
A01,2026-01-28,20,1500,4100,1,0,0
A01,2026-01-29,9,2400,2000,1,0,0
A01,2026-01-29,10,2800,2300,1,0,0
A01,2026-01-29,11,2300,4400,1,0,0
A01,2026-01-29,12,2700,3600,1,0,0
A01,2026-01-29,13,2800,5500,1,0,0
A01,2026-01-29,14,2500,4900,1,0,0
A01,2026-01-29,15,2200,5200,1,0,0
A01,2026-01-29,16,2300,5100,1,0,0
A01,2026-01-29,17,2100,14400,1,0,0
A01,2026-01-29,18,900,8700,1,0,0
A01,2026-01-29,19,2000,6900,1,0,0
A01,2026-01-29,20,1300,3900,1,0,0
A01,2026-01-30,9,2600,2500,1,1,0
A01,2026-01-30,10,1800,3000,1,1,0
A01,2026-01-30,11,7500,2600,1,1,0
A01,2026-01-30,12,4600,3700,1,1,0
A01,2026-01-30,13,5200,3300,1,1,0
A01,2026-01-30,14,2000,3200,1,1,0
A01,2026-01-30,15,2000,7000,1,1,0
A01,2026-01-30,16,1400,7800,1,1,0
A01,2026-01-30,17,2000,4400,1,1,0
A01,2026-01-30,18,1200,7300,1,1,0
A01,2026-01-30,19,1400,3800,1,1,0
A01,2026-01-30,20,2600,5500,1,1,0
A01,2026-01-31,9,4100,3200,1,1,0
A01,2026-01-31,10,6100,2000,1,1,0
A01,2026-01-31,11,5500,5600,1,1,0
A01,2026-01-31,12,6500,4100,1,1,0
A01,2026-01-31,13,2400,1800,1,1,0
A01,2026-01-31,14,3300,7300,1,1,0
A01,2026-01-31,15,3500,5000,1,1,0
A01,2026-01-31,16,1800,5000,1,1,0
A01,2026-01-31,17,3400,19200,1,1,0
A01,2026-01-31,18,4000,8900,1,1,0
A01,2026-01-31,19,1500,4300,1,1,0
A01,2026-01-31,20,2200,3300,1,1,0
A01,2026-02-01,9,3700,5000,1,0,0
A01,2026-02-01,10,4200,3100,1,0,0
A01,2026-02-01,11,4600,3300,1,0,0
A01,2026-02-01,12,1800,2300,1,0,0
A01,2026-02-01,13,1400,4000,1,0,0
A01,2026-02-01,14,2900,4100,1,0,0
A01,2026-02-01,15,2700,5800,1,0,0
A01,2026-02-01,16,3100,10100,1,0,0
A01,2026-02-01,17,1400,5300,1,0,0
A01,2026-02-01,18,900,9100,1,0,0
A01,2026-02-01,19,2300,2100,1,0,0
A01,2026-02-01,20,2000,3100,1,0,0
A01,2026-02-02,9,5000,2700,1,0,0
A01,2026-02-02,10,1300,4500,1,0,0
A01,2026-02-02,11,7200,4100,1,0,0
A01,2026-02-02,12,3500,3200,1,0,0
A01,2026-02-02,13,2800,2600,1,0,0
A01,2026-02-02,14,1800,5600,1,0,0
A01,2026-02-02,15,2400,9200,1,0,0
A01,2026-02-02,16,2300,6400,1,0,0
A01,2026-02-02,17,2100,11200,1,0,0
A01,2026-02-02,18,2500,6000,1,0,0
A01,2026-02-02,19,2400,7600,1,0,0
A01,2026-02-02,20,2500,3600,1,0,0
A01,2026-02-03,9,2800,3100,1,0,0
A01,2026-02-03,10,2200,3500,1,0,0
A01,2026-02-03,11,6700,3000,1,0,0
A01,2026-02-03,12,4000,3500,1,0,0
A01,2026-02-03,13,2500,2300,1,0,0
A01,2026-02-03,14,2500,3900,1,0,0
A01,2026-02-03,15,1000,8600,1,0,0
A01,2026-02-03,16,600,4400,1,0,0
A01,2026-02-03,17,2100,6200,1,0,0
A01,2026-02-03,18,1700,7000,1,0,0
A01,2026-02-03,19,1000,5200,1,0,0
A01,2026-02-03,20,2100,2700,1,0,0
A01,2026-02-04,9,1700,2200,1,0,0
A01,2026-02-04,10,2300,2200,1,0,0
A01,2026-02-04,11,2600,1600,1,0,0
A01,2026-02-04,12,4700,1700,1,0,0
A01,2026-02-04,13,5500,2400,1,0,0
A01,2026-02-04,14,2000,3700,1,0,0
A01,2026-02-04,15,4100,6200,1,0,0
A01,2026-02-04,16,1600,7900,1,0,0
A01,2026-02-04,17,1800,9700,1,0,0
A01,2026-02-04,18,3300,8700,1,0,0
A01,2026-02-04,19,2000,5400,1,0,0
A01,2026-02-04,20,1300,5700,1,0,0
A01,2026-02-05,9,2300,3500,1,0,0
A01,2026-02-05,10,2200,3500,1,0,0
A01,2026-02-05,11,2500,1700,1,0,0
A01,2026-02-05,12,4200,1900,1,0,0
A01,2026-02-05,13,1400,2100,1,0,0
A01,2026-02-05,14,2900,2400,1,0,0
A01,2026-02-05,15,2900,1800,1,0,0
A01,2026-02-05,16,1200,17700,1,0,0
A01,2026-02-05,17,1400,10800,1,0,0
A01,2026-02-05,18,2600,11100,1,0,0
A01,2026-02-05,19,1400,3500,1,0,0
A01,2026-02-05,20,1000,3300,1,0,0
A01,2026-02-06,9,5400,1700,0,1,0
A01,2026-02-06,10,5400,3000,0,1,0
A01,2026-02-06,11,8200,3500,0,1,0
A01,2026-02-06,12,5500,1800,0,1,0
A01,2026-02-06,13,3200,3000,0,1,0
A01,2026-02-06,14,2200,11300,0,1,0
A01,2026-02-06,15,3000,6100,0,1,0
A01,2026-02-06,16,7500,4800,0,1,0
A01,2026-02-06,17,2200,2900,0,1,0
A01,2026-02-06,18,3100,2800,0,1,0
A01,2026-02-06,19,4200,5200,0,1,0
A01,2026-02-06,20,3600,4400,0,1,0
A01,2026-02-07,9,4300,1300,0,1,0
A01,2026-02-07,10,9800,1400,0,1,0
A01,2026-02-07,11,3600,1000,0,1,0
A01,2026-02-07,12,3500,2400,0,1,0
A01,2026-02-07,13,5100,1700,0,1,0
A01,2026-02-07,14,5500,2400,0,1,0
A01,2026-02-07,15,2700,3700,0,1,0
A01,2026-02-07,16,2400,2700,0,1,0
A01,2026-02-07,17,3200,5400,0,1,0
A01,2026-02-07,18,1900,4100,0,1,0
A01,2026-02-07,19,3500,2900,0,1,0
A01,2026-02-07,20,2100,2400,0,1,0
A01,2026-02-08,9,1300,800,0,0,0
A01,2026-02-08,10,3300,2600,0,0,0
A01,2026-02-08,11,1800,2600,0,0,0
A01,2026-02-08,12,4700,2400,0,0,0
A01,2026-02-08,13,2200,2000,0,0,0
A01,2026-02-08,14,1800,600,0,0,0
A01,2026-02-08,15,2300,2800,0,0,0
A01,2026-02-08,16,1900,4100,0,0,0
A01,2026-02-08,17,2800,3800,0,0,0
A01,2026-02-08,18,3400,5000,0,0,0
A01,2026-02-08,19,1400,3900,0,0,0
A01,2026-02-08,20,1100,1700,0,0,0
A01,2026-02-09,9,1800,4100,0,0,0
A01,2026-02-09,10,3300,1400,0,0,0
A01,2026-02-09,11,6400,1000,0,0,0
A01,2026-02-09,12,2000,900,0,0,0
A01,2026-02-09,13,1900,1900,0,0,0
A01,2026-02-09,14,3500,2000,0,0,0
A01,2026-02-09,15,4000,4500,0,0,0
A01,2026-02-09,16,900,4900,0,0,0
A01,2026-02-09,17,1600,4100,0,0,0
A01,2026-02-09,18,2200,6800,0,0,0
A01,2026-02-09,19,1800,2600,0,0,0
A01,2026-02-09,20,4400,4800,0,0,0
A01,2026-02-10,9,1200,6000,0,0,0
A01,2026-02-10,10,2400,1200,0,0,0
A01,2026-02-10,11,3200,1000,0,0,0
A01,2026-02-10,12,2400,900,0,0,0
A01,2026-02-10,13,3600,1100,0,0,0
A01,2026-02-10,14,1400,1200,0,0,0
A01,2026-02-10,15,1600,1400,0,0,0
A01,2026-02-10,16,3200,3500,0,0,0
A01,2026-02-10,17,1300,5000,0,0,0
A01,2026-02-10,18,2400,3500,0,0,0
A01,2026-02-10,19,1100,2600,0,0,0
A01,2026-02-10,20,2400,1900,0,0,0
A01,2026-02-11,9,2900,2100,0,0,0
A01,2026-02-11,10,3200,1000,0,0,0
A01,2026-02-11,11,4900,1900,0,0,0
A01,2026-02-11,12,2400,1400,0,0,0
A01,2026-02-11,13,4000,1900,0,0,0
A01,2026-02-11,14,1100,2600,0,0,0
A01,2026-02-11,15,1700,3200,0,0,0
A01,2026-02-11,16,2400,6100,0,0,0
A01,2026-02-11,17,2300,6900,0,0,0
A01,2026-02-11,18,3000,4400,0,0,0
A01,2026-02-11,19,1300,6200,0,0,0
A01,2026-02-11,20,2200,1800,0,0,0
A01,2026-02-12,9,2100,1400,0,0,0
A01,2026-02-12,10,4200,1400,0,0,0
A01,2026-02-12,11,1900,2700,0,0,0
A01,2026-02-12,12,6500,700,0,0,0
A01,2026-02-12,13,3200,1500,0,0,0
A01,2026-02-12,14,1600,1400,0,0,0
A01,2026-02-12,15,3400,3600,0,0,0
A01,2026-02-12,16,700,2700,0,0,0
A01,2026-02-12,17,1100,8000,0,0,0
A01,2026-02-12,18,1900,3900,0,0,0
A01,2026-02-12,19,3200,1900,0,0,0
A01,2026-02-12,20,2700,1000,0,0,0
A01,2026-02-13,9,15800,2400,0,1,0
A01,2026-02-13,10,5700,3000,0,1,0
A01,2026-02-13,11,3900,2000,0,1,0
A01,2026-02-13,12,4400,4000,0,1,0
A01,2026-02-13,13,4100,2100,0,1,0
A01,2026-02-13,14,3100,2700,0,1,0
A01,2026-02-13,15,3800,5600,0,1,0
A01,2026-02-13,16,3100,7800,0,1,0
A01,2026-02-13,17,5000,6600,0,1,0
A01,2026-02-13,18,4800,6900,0,1,0
A01,2026-02-13,19,3500,2900,0,1,0
A01,2026-02-13,20,3500,6400,0,1,0
A01,2026-02-14,9,3500,2600,0,1,0
A01,2026-02-14,10,6000,1500,0,1,0
A01,2026-02-14,11,5100,2200,0,1,0
A01,2026-02-14,12,4800,1200,0,1,0
A01,2026-02-14,13,9300,2200,0,1,0
A01,2026-02-14,14,7600,3400,0,1,0
A01,2026-02-14,15,3000,5600,0,1,0
A01,2026-02-14,16,3300,7800,0,1,0
A01,2026-02-14,17,1200,3700,0,1,0
A01,2026-02-14,18,2900,2500,0,1,0
A01,2026-02-14,19,1200,1400,0,1,0
A01,2026-02-14,20,4400,3000,0,1,0
A01,2026-02-15,9,3900,2000,0,0,0
A01,2026-02-15,10,3600,4700,0,0,0
A01,2026-02-15,11,4900,1900,0,0,0
A01,2026-02-15,12,5000,1900,0,0,0
A01,2026-02-15,13,3100,1800,0,0,0
A01,2026-02-15,14,1500,1300,0,0,0
A01,2026-02-15,15,3000,2200,0,0,0
A01,2026-02-15,16,2600,2500,0,0,0
A01,2026-02-15,17,2000,3300,0,0,0
A01,2026-02-15,18,1500,5200,0,0,0
A01,2026-02-15,19,2200,3000,0,0,0
A01,2026-02-15,20,2400,3000,0,0,0
A01,2026-02-16,9,3200,2500,0,0,0
A01,2026-02-16,10,3200,1400,0,0,0
A01,2026-02-16,11,5000,3400,0,0,0
A01,2026-02-16,12,1700,2500,0,0,0
A01,2026-02-16,13,4300,3500,0,0,0
A01,2026-02-16,14,2600,2600,0,0,0
A01,2026-02-16,15,2000,4000,0,0,0
A01,2026-02-16,16,2400,5700,0,0,0
A01,2026-02-16,17,4100,3000,0,0,0
A01,2026-02-16,18,3400,8800,0,0,0
A01,2026-02-16,19,2400,3400,0,0,0
A01,2026-02-16,20,1600,3300,0,0,0
A01,2026-02-17,9,1600,1800,0,0,0
A01,2026-02-17,10,4400,2100,0,0,0
A01,2026-02-17,11,4400,1400,0,0,0
A01,2026-02-17,12,2300,1800,0,0,0
A01,2026-02-17,13,4100,2300,0,0,0
A01,2026-02-17,14,1300,1700,0,0,0
A01,2026-02-17,15,1600,2100,0,0,0
A01,2026-02-17,16,3100,8000,0,0,0
A01,2026-02-17,17,1900,4600,0,0,0
A01,2026-02-17,18,3900,6300,0,0,0
A01,2026-02-17,19,1900,2800,0,0,0
A01,2026-02-17,20,2000,1500,0,0,0
A01,2026-02-18,9,1600,1000,0,0,1
A01,2026-02-18,10,2900,2300,0,0,1
A01,2026-02-18,11,1600,1800,0,0,1
A01,2026-02-18,12,2100,800,0,0,1
A01,2026-02-18,13,2300,1800,0,0,1
A01,2026-02-18,14,1500,800,0,0,1
A01,2026-02-18,15,1700,2900,0,0,1
A01,2026-02-18,16,1800,13500,0,0,1
A01,2026-02-18,17,1500,6200,0,0,1
A01,2026-02-18,18,1000,4700,0,0,1
A01,2026-02-18,19,3300,8100,0,0,1
A01,2026-02-18,20,800,1900,0,0,1
A01,2026-02-19,9,2000,3600,0,0,0
A01,2026-02-19,10,4100,2300,0,0,0
A01,2026-02-19,11,10200,1200,0,0,0
A01,2026-02-19,12,2400,3500,0,0,0
A01,2026-02-19,13,4700,2200,0,0,0
A01,2026-02-19,14,3100,3500,0,0,0
A01,2026-02-19,15,2000,5700,0,0,0
A01,2026-02-19,16,2200,4200,0,0,0
A01,2026-02-19,17,2600,6600,0,0,0
A01,2026-02-19,18,3200,6100,0,0,0
A01,2026-02-19,19,4800,2900,0,0,0
A01,2026-02-19,20,900,2800,0,0,0
A01,2026-02-20,9,4400,1600,0,1,0
A01,2026-02-20,10,12900,1800,0,1,0
A01,2026-02-20,11,2300,5700,0,1,0
A01,2026-02-20,12,3200,4700,0,1,0
A01,2026-02-20,13,6000,2600,0,1,0
A01,2026-02-20,14,4800,7500,0,1,0
A01,2026-02-20,15,5200,11200,0,1,0
A01,2026-02-20,16,4300,6100,0,1,0
A01,2026-02-20,17,4100,8600,0,1,0
A01,2026-02-20,18,3800,7100,0,1,0
A01,2026-02-20,19,3600,2400,0,1,0
A01,2026-02-20,20,2500,2800,0,1,0
A01,2026-02-21,9,4200,1900,0,1,0
A01,2026-02-21,10,3100,1900,0,1,0
A01,2026-02-21,11,6000,1700,0,1,0
A01,2026-02-21,12,3900,3400,0,1,0
A01,2026-02-21,13,3400,1200,0,1,0
A01,2026-02-21,14,2600,3300,0,1,0
A01,2026-02-21,15,2500,4800,0,1,0
A01,2026-02-21,16,3400,3700,0,1,0
A01,2026-02-21,17,2200,5800,0,1,0
A01,2026-02-21,18,4500,5300,0,1,0
A01,2026-02-21,19,3400,5400,0,1,0
A01,2026-02-21,20,3500,2400,0,1,0
A01,2026-02-22,9,3800,2500,0,0,0
A01,2026-02-22,10,5700,2200,0,0,0
A01,2026-02-22,11,3700,1900,0,0,0
A01,2026-02-22,12,5100,2100,0,0,0
A01,2026-02-22,13,2300,1900,0,0,0
A01,2026-02-22,14,3300,3000,0,0,0
A01,2026-02-22,15,1600,3200,0,0,0
A01,2026-02-22,16,2700,5900,0,0,0
A01,2026-02-22,17,2800,4300,0,0,0
A01,2026-02-22,18,2000,7100,0,0,0
A01,2026-02-22,19,2500,3300,0,0,0
A01,2026-02-22,20,1900,1600,0,0,0
A01,2026-02-23,9,2000,1700,0,0,0
A01,2026-02-23,10,2100,900,0,0,0
A01,2026-02-23,11,1800,800,0,0,0
A01,2026-02-23,12,1900,1800,0,0,0
A01,2026-02-23,13,2100,1300,0,0,0
A01,2026-02-23,14,1400,2000,0,0,0
A01,2026-02-23,15,2600,2700,0,0,0
A01,2026-02-23,16,2600,5400,0,0,0
A01,2026-02-23,17,3000,5100,0,0,0
A01,2026-02-23,18,3700,3400,0,0,0
A01,2026-02-23,19,1800,2400,0,0,0
A01,2026-02-23,20,1200,3400,0,0,0
A01,2026-02-24,9,2900,1800,0,0,0
A01,2026-02-24,10,2500,1700,0,0,0
A01,2026-02-24,11,4100,1800,0,0,0
A01,2026-02-24,12,3100,2900,0,0,0
A01,2026-02-24,13,2200,2500,0,0,0
A01,2026-02-24,14,2000,1800,0,0,0
A01,2026-02-24,15,2300,3200,0,0,0
A01,2026-02-24,16,1800,7200,0,0,0
A01,2026-02-24,17,2000,7300,0,0,0
A01,2026-02-24,18,6300,8500,0,0,0
A01,2026-02-24,19,3300,3100,0,0,0
A01,2026-02-24,20,3100,2500,0,0,0
A01,2026-02-25,9,2500,1600,0,0,0
A01,2026-02-25,10,4000,2200,0,0,0
A01,2026-02-25,11,3100,2700,0,0,0
A01,2026-02-25,12,2500,2000,0,0,0
A01,2026-02-25,13,2300,1000,0,0,0
A01,2026-02-25,14,2200,1200,0,0,0
A01,2026-02-25,15,3000,2600,0,0,0
A01,2026-02-25,16,1700,3000,0,0,0
A01,2026-02-25,17,1800,4600,0,0,0
A01,2026-02-25,18,2000,1800,0,0,0
A01,2026-02-25,19,1100,4600,0,0,0
A01,2026-02-25,20,900,2800,0,0,0
A01,2026-02-26,9,4400,3100,0,0,0
A01,2026-02-26,10,3300,3300,0,0,0
A01,2026-02-26,11,4600,1700,0,0,0
A01,2026-02-26,12,2200,2100,0,0,0
A01,2026-02-26,13,5000,2600,0,0,0
A01,2026-02-26,14,3000,4200,0,0,0
A01,2026-02-26,15,2800,4800,0,0,0
A01,2026-02-26,16,1900,4300,0,0,0
A01,2026-02-26,17,2100,6400,0,0,0
A01,2026-02-26,18,3500,5300,0,0,0
A01,2026-02-26,19,5100,4200,0,0,0
A01,2026-02-26,20,3000,7000,0,0,0
A01,2026-02-27,9,3900,3800,0,1,0
A01,2026-02-27,10,5200,3500,0,1,0
A01,2026-02-27,11,4000,2800,0,1,0
A01,2026-02-27,12,4300,5000,0,1,0
A01,2026-02-27,13,3900,1800,0,1,0
A01,2026-02-27,14,2300,2900,0,1,0
A01,2026-02-27,15,5000,4500,0,1,0
A01,2026-02-27,16,1900,5000,0,1,0
A01,2026-02-27,17,4000,6000,0,1,0
A01,2026-02-27,18,2900,3100,0,1,0
A01,2026-02-27,19,3500,5900,0,1,0
A01,2026-02-27,20,4500,4500,0,1,0
A01,2026-02-28,9,2000,3100,1,1,0
A01,2026-02-28,10,4200,2700,1,1,0
A01,2026-02-28,11,2100,1900,1,1,0
A01,2026-02-28,12,2400,2200,1,1,0
A01,2026-02-28,13,3400,3500,1,1,0
A01,2026-02-28,14,1600,4600,1,1,0
A01,2026-02-28,15,2200,6100,1,1,0
A01,2026-02-28,16,1600,5200,1,1,0
A01,2026-02-28,17,1500,13400,1,1,0
A01,2026-02-28,18,3300,10500,1,1,0
A01,2026-02-28,19,2200,3900,1,1,0
A01,2026-02-28,20,4000,4200,1,1,0
A01,2026-03-01,9,3500,5500,1,0,0
A01,2026-03-01,10,3100,2300,1,0,0
A01,2026-03-01,11,3900,1900,1,0,0
A01,2026-03-01,12,3300,7300,1,0,0
A01,2026-03-01,13,1700,3400,1,0,0
A01,2026-03-01,14,1600,3300,1,0,0
A01,2026-03-01,15,3100,4700,1,0,0
A01,2026-03-01,16,3300,19500,1,0,0
A01,2026-03-01,17,2400,8200,1,0,0
A01,2026-03-01,18,3200,5900,1,0,0
A01,2026-03-01,19,5800,8700,1,0,0
A01,2026-03-01,20,1700,2400,1,0,0
A01,2026-03-02,9,2800,3900,1,0,0
A01,2026-03-02,10,3500,3700,1,0,0
A01,2026-03-02,11,2600,3000,1,0,0
A01,2026-03-02,12,3000,1600,1,0,0
A01,2026-03-02,13,2500,3600,1,0,0
A01,2026-03-02,14,4400,4200,1,0,0
A01,2026-03-02,15,4500,5100,1,0,0
A01,2026-03-02,16,2300,5600,1,0,0
A01,2026-03-02,17,1600,8200,1,0,0
A01,2026-03-02,18,2700,6400,1,0,0
A01,2026-03-02,19,1400,9500,1,0,0
A01,2026-03-02,20,1300,7700,1,0,0
A01,2026-03-03,9,2100,8400,1,0,0
A01,2026-03-03,10,6000,3500,1,0,0
A01,2026-03-03,11,3600,4600,1,0,0
A01,2026-03-03,12,5800,4700,1,0,0
A01,2026-03-03,13,3700,3400,1,0,0
A01,2026-03-03,14,2000,4400,1,0,0
A01,2026-03-03,15,3300,4600,1,0,0
A01,2026-03-03,16,1800,4900,1,0,0
A01,2026-03-03,17,2500,8100,1,0,0
A01,2026-03-03,18,4200,6800,1,0,0
A01,2026-03-03,19,2500,6500,1,0,0
A01,2026-03-03,20,1900,3000,1,0,0
A01,2026-03-04,9,2100,4200,1,0,0
A01,2026-03-04,10,4900,3100,1,0,0
A01,2026-03-04,11,1700,5000,1,0,0
A01,2026-03-04,12,3800,4200,1,0,0
A01,2026-03-04,13,2700,3400,1,0,0
A01,2026-03-04,14,3400,6500,1,0,0
A01,2026-03-04,15,1900,7500,1,0,0
A01,2026-03-04,16,2600,14500,1,0,0
A01,2026-03-04,17,1300,5500,1,0,0
A01,2026-03-04,18,1500,13000,1,0,0
A01,2026-03-04,19,5200,8000,1,0,0
A01,2026-03-04,20,3200,5600,1,0,0
A01,2026-03-05,9,4400,4600,1,0,0
A01,2026-03-05,10,1400,2700,1,0,0
A01,2026-03-05,11,5000,1500,1,0,0
A01,2026-03-05,12,5800,3200,1,0,0
A01,2026-03-05,13,1500,5900,1,0,0
A01,2026-03-05,14,3400,3900,1,0,0
A01,2026-03-05,15,1000,4500,1,0,0
A01,2026-03-05,16,2500,10500,1,0,0
A01,2026-03-05,17,1500,12000,1,0,0
A01,2026-03-05,18,3700,6800,1,0,0
A01,2026-03-05,19,1700,3800,1,0,0
A01,2026-03-05,20,1900,12800,1,0,0
A01,2026-03-06,9,4400,1400,0,1,0
A01,2026-03-06,10,5900,2100,0,1,0
A01,2026-03-06,11,4600,1100,0,1,0
A01,2026-03-06,12,5800,1800,0,1,0
A01,2026-03-06,13,4900,3100,0,1,0
A01,2026-03-06,14,5500,2700,0,1,0
A01,2026-03-06,15,3200,3000,0,1,0
A01,2026-03-06,16,5300,5000,0,1,0
A01,2026-03-06,17,3300,6300,0,1,0
A01,2026-03-06,18,3400,4200,0,1,0
A01,2026-03-06,19,4500,4200,0,1,0
A01,2026-03-06,20,3500,3500,0,1,0
A01,2026-03-07,9,6900,2200,0,1,0
A01,2026-03-07,10,6900,2400,0,1,0
A01,2026-03-07,11,6600,3100,0,1,0
A01,2026-03-07,12,4700,2300,0,1,0
A01,2026-03-07,13,3100,4400,0,1,0
A01,2026-03-07,14,3200,1800,0,1,0
A01,2026-03-07,15,2800,2100,0,1,0
A01,2026-03-07,16,2100,5800,0,1,0
A01,2026-03-07,17,2900,4900,0,1,0
A01,2026-03-07,18,2100,8300,0,1,0
A01,2026-03-07,19,2600,1800,0,1,0
A01,2026-03-07,20,2400,2800,0,1,0
A01,2026-03-08,9,3000,3100,0,0,0
A01,2026-03-08,10,3900,4500,0,0,0
A01,2026-03-08,11,5900,2000,0,0,0
A01,2026-03-08,12,4600,5600,0,0,0
A01,2026-03-08,13,2400,4000,0,0,0
A01,2026-03-08,14,1900,4300,0,0,0
A01,2026-03-08,15,2200,4900,0,0,0
A01,2026-03-08,16,1700,5200,0,0,0
A01,2026-03-08,17,2900,9200,0,0,0
A01,2026-03-08,18,3800,6900,0,0,0
A01,2026-03-08,19,2400,2700,0,0,0
A01,2026-03-08,20,2000,3800,0,0,0
A01,2026-03-09,9,3200,3300,0,0,0
A01,2026-03-09,10,6300,4100,0,0,0
A01,2026-03-09,11,3300,1700,0,0,0
A01,2026-03-09,12,4300,3400,0,0,0
A01,2026-03-09,13,3300,1900,0,0,0
A01,2026-03-09,14,2200,2800,0,0,0
A01,2026-03-09,15,2300,3700,0,0,0
A01,2026-03-09,16,1200,2100,0,0,0
A01,2026-03-09,17,2000,5900,0,0,0
A01,2026-03-09,18,3000,4800,0,0,0
A01,2026-03-09,19,1800,2400,0,0,0
A01,2026-03-09,20,2300,1800,0,0,0
A01,2026-03-10,9,3300,2300,0,0,0
A01,2026-03-10,10,5000,5700,0,0,0
A01,2026-03-10,11,3100,2100,0,0,0
A01,2026-03-10,12,5400,1400,0,0,0
A01,2026-03-10,13,2200,2600,0,0,0
A01,2026-03-10,14,6100,3600,0,0,0
A01,2026-03-10,15,2500,2200,0,0,0
A01,2026-03-10,16,1700,4900,0,0,0
A01,2026-03-10,17,2700,5400,0,0,0
A01,2026-03-10,18,2800,2800,0,0,0
A01,2026-03-10,19,1700,1300,0,0,0
A01,2026-03-10,20,2800,1000,0,0,0
A01,2026-03-11,9,7400,2500,0,0,0
A01,2026-03-11,10,3400,3300,0,0,0
A01,2026-03-11,11,8500,3400,0,0,0
A01,2026-03-11,12,3300,4000,0,0,0
A01,2026-03-11,13,4200,3500,0,0,0
A01,2026-03-11,14,2300,5700,0,0,0
A01,2026-03-11,15,5200,2300,0,0,0
A01,2026-03-11,16,4800,7300,0,0,0
A01,2026-03-11,17,2500,5500,0,0,0
A01,2026-03-11,18,3300,2500,0,0,0
A01,2026-03-11,19,1700,1900,0,0,0
A01,2026-03-11,20,1300,3300,0,0,0
A01,2026-03-12,9,4200,1700,0,0,0
A01,2026-03-12,10,1900,2200,0,0,0
A01,2026-03-12,11,4500,3000,0,0,0
A01,2026-03-12,12,4300,4200,0,0,0
A01,2026-03-12,13,4300,1600,0,0,0
A01,2026-03-12,14,4400,3500,0,0,0
A01,2026-03-12,15,2600,2100,0,0,0
A01,2026-03-12,16,3000,7200,0,0,0
A01,2026-03-12,17,3100,4900,0,0,0
A01,2026-03-12,18,3200,3300,0,0,0
A01,2026-03-12,19,2700,2500,0,0,0
A01,2026-03-12,20,1700,2100,0,0,0
A01,2026-03-13,9,2800,1300,0,1,0
A01,2026-03-13,10,7600,2700,0,1,0
A01,2026-03-13,11,1800,4100,0,1,0
A01,2026-03-13,12,4200,1900,0,1,0
A01,2026-03-13,13,5900,1400,0,1,0
A01,2026-03-13,14,2200,2000,0,1,0
A01,2026-03-13,15,2600,2200,0,1,0
A01,2026-03-13,16,3200,4400,0,1,0
A01,2026-03-13,17,2300,3900,0,1,0
A01,2026-03-13,18,1300,4900,0,1,0
A01,2026-03-13,19,1700,2800,0,1,0
A01,2026-03-13,20,5700,1800,0,1,0
A01,2026-03-14,9,1900,1900,0,1,0
A01,2026-03-14,10,4800,3400,0,1,0
A01,2026-03-14,11,3600,1900,0,1,0
A01,2026-03-14,12,1900,2300,0,1,0
A01,2026-03-14,13,2200,3200,0,1,0
A01,2026-03-14,14,5200,1600,0,1,0
A01,2026-03-14,15,1800,2700,0,1,0
A01,2026-03-14,16,2300,8300,0,1,0
A01,2026-03-14,17,2200,7600,0,1,0
A01,2026-03-14,18,2600,1800,0,1,0
A01,2026-03-14,19,3200,4900,0,1,0
A01,2026-03-14,20,2300,3100,0,1,0
A01,2026-03-15,9,2300,1400,0,0,0
A01,2026-03-15,10,2800,3800,0,0,0
A01,2026-03-15,11,3500,1000,0,0,0
A01,2026-03-15,12,2100,1500,0,0,0
A01,2026-03-15,13,2800,2100,0,0,0
A01,2026-03-15,14,1300,3500,0,0,0
A01,2026-03-15,15,2200,4200,0,0,0
A01,2026-03-15,16,1700,2400,0,0,0
A01,2026-03-15,17,1800,3500,0,0,0
A01,2026-03-15,18,1400,4100,0,0,0
A01,2026-03-15,19,1300,2900,0,0,0
A01,2026-03-15,20,3300,1900,0,0,0
A01,2026-03-16,9,8200,2300,0,0,0
A01,2026-03-16,10,4400,4400,0,0,0
A01,2026-03-16,11,3300,3200,0,0,0
A01,2026-03-16,12,7200,2200,0,0,0
A01,2026-03-16,13,2500,2400,0,0,0
A01,2026-03-16,14,3800,2600,0,0,0
A01,2026-03-16,15,3500,4800,0,0,0
A01,2026-03-16,16,1600,7500,0,0,0
A01,2026-03-16,17,2700,9100,0,0,0
A01,2026-03-16,18,2600,8300,0,0,0
A01,2026-03-16,19,2800,3300,0,0,0
A01,2026-03-16,20,2300,2000,0,0,0
A01,2026-03-17,9,2100,1700,0,0,0
A01,2026-03-17,10,5800,1800,0,0,0
A01,2026-03-17,11,7800,2100,0,0,0
A01,2026-03-17,12,3000,1600,0,0,0
A01,2026-03-17,13,5000,2500,0,0,0
A01,2026-03-17,14,3100,1900,0,0,0
A01,2026-03-17,15,1600,2700,0,0,0
A01,2026-03-17,16,3500,3300,0,0,0
A01,2026-03-17,17,2800,2900,0,0,0
A01,2026-03-17,18,4100,4800,0,0,0
A01,2026-03-17,19,1900,4400,0,0,0
A01,2026-03-17,20,1600,1800,0,0,0
A01,2026-03-18,9,3000,3800,0,0,0
A01,2026-03-18,10,2400,1700,0,0,0
A01,2026-03-18,11,2700,1800,0,0,0
A01,2026-03-18,12,3400,1600,0,0,0
A01,2026-03-18,13,4400,1400,0,0,0
A01,2026-03-18,14,2500,3700,0,0,0
A01,2026-03-18,15,2500,1900,0,0,0
A01,2026-03-18,16,1600,3500,0,0,0
A01,2026-03-18,17,2400,5000,0,0,0
A01,2026-03-18,18,1800,8100,0,0,0
A01,2026-03-18,19,1400,3500,0,0,0
A01,2026-03-18,20,3400,2800,0,0,0
A01,2026-03-19,9,6000,2700,0,0,0
A01,2026-03-19,10,2700,3400,0,0,0
A01,2026-03-19,11,4000,3900,0,0,0
A01,2026-03-19,12,6300,1700,0,0,0
A01,2026-03-19,13,3700,3300,0,0,0
A01,2026-03-19,14,4400,6200,0,0,0
A01,2026-03-19,15,3900,2000,0,0,0
A01,2026-03-19,16,3800,10500,0,0,0
A01,2026-03-19,17,1100,5200,0,0,0
A01,2026-03-19,18,5500,7100,0,0,0
A01,2026-03-19,19,1900,6200,0,0,0
A01,2026-03-19,20,2800,2800,0,0,0
A01,2026-03-20,9,2500,2200,0,1,0
A01,2026-03-20,10,2100,1200,0,1,0
A01,2026-03-20,11,6300,1400,0,1,0
A01,2026-03-20,12,3700,1100,0,1,0
A01,2026-03-20,13,4100,1200,0,1,0
A01,2026-03-20,14,3100,1300,0,1,0
A01,2026-03-20,15,1300,4500,0,1,0
A01,2026-03-20,16,2700,3200,0,1,0
A01,2026-03-20,17,2000,8700,0,1,0
A01,2026-03-20,18,1500,2700,0,1,0
A01,2026-03-20,19,4100,1800,0,1,0
A01,2026-03-20,20,1500,2100,0,1,0
A01,2026-03-21,9,3000,1200,0,1,0
A01,2026-03-21,10,3200,2400,0,1,0
A01,2026-03-21,11,6300,1900,0,1,0
A01,2026-03-21,12,7400,2700,0,1,0
A01,2026-03-21,13,3800,3000,0,1,0
A01,2026-03-21,14,3700,4200,0,1,0
A01,2026-03-21,15,2500,7600,0,1,0
A01,2026-03-21,16,2500,6500,0,1,0
A01,2026-03-21,17,2900,8400,0,1,0
A01,2026-03-21,18,4000,2200,0,1,0
A01,2026-03-21,19,3900,4700,0,1,0
A01,2026-03-21,20,2900,3200,0,1,0
A01,2026-03-22,9,1700,1300,0,0,0
A01,2026-03-22,10,5700,3000,0,0,0
A01,2026-03-22,11,2100,2500,0,0,0
A01,2026-03-22,12,2100,2300,0,0,0
A01,2026-03-22,13,2600,1500,0,0,0
A01,2026-03-22,14,1200,2200,0,0,0
A01,2026-03-22,15,2700,1700,0,0,0
A01,2026-03-22,16,2600,3300,0,0,0
A01,2026-03-22,17,2100,3900,0,0,0
A01,2026-03-22,18,1400,5500,0,0,0
A01,2026-03-22,19,1300,3400,0,0,0
A01,2026-03-22,20,1200,2100,0,0,0
A01,2026-03-23,9,5300,900,0,0,0
A01,2026-03-23,10,7000,2400,0,0,0
A01,2026-03-23,11,3500,1700,0,0,0
A01,2026-03-23,12,2200,1200,0,0,0
A01,2026-03-23,13,5900,3300,0,0,0
A01,2026-03-23,14,4900,1700,0,0,0
A01,2026-03-23,15,3000,3300,0,0,0
A01,2026-03-23,16,2300,3200,0,0,0
A01,2026-03-23,17,3000,12700,0,0,0
A01,2026-03-23,18,2200,4900,0,0,0
A01,2026-03-23,19,2100,3500,0,0,0
A01,2026-03-23,20,2700,5500,0,0,0
A01,2026-03-24,9,3200,2400,0,0,1
A01,2026-03-24,10,2700,1800,0,0,1
A01,2026-03-24,11,2300,1800,0,0,1
A01,2026-03-24,12,2800,2800,0,0,1
A01,2026-03-24,13,4200,2400,0,0,1
A01,2026-03-24,14,3700,3600,0,0,1
A01,2026-03-24,15,1300,4900,0,0,1
A01,2026-03-24,16,2300,12200,0,0,1
A01,2026-03-24,17,3800,7100,0,0,1
A01,2026-03-24,18,3200,10900,0,0,1
A01,2026-03-24,19,1400,5200,0,0,1
A01,2026-03-24,20,2500,3500,0,0,1
A01,2026-03-25,9,2400,3000,0,0,0
A01,2026-03-25,10,5000,4400,0,0,0
A01,2026-03-25,11,3400,1100,0,0,0
A01,2026-03-25,12,4000,4300,0,0,0
A01,2026-03-25,13,4300,2100,0,0,0
A01,2026-03-25,14,1200,1700,0,0,0
A01,2026-03-25,15,2200,3300,0,0,0
A01,2026-03-25,16,1900,5400,0,0,0
A01,2026-03-25,17,2400,5700,0,0,0
A01,2026-03-25,18,2500,4800,0,0,0
A01,2026-03-25,19,3800,3400,0,0,0
A01,2026-03-25,20,1500,2700,0,0,0
A01,2026-03-26,9,3600,1400,0,0,0
A01,2026-03-26,10,2800,3200,0,0,0
A01,2026-03-26,11,4000,1500,0,0,0
A01,2026-03-26,12,3300,2700,0,0,0
A01,2026-03-26,13,1800,2800,0,0,0
A01,2026-03-26,14,5000,3500,0,0,0
A01,2026-03-26,15,1100,5500,0,0,0
A01,2026-03-26,16,1800,5900,0,0,0
A01,2026-03-26,17,3100,2900,0,0,0
A01,2026-03-26,18,3000,5400,0,0,0
A01,2026-03-26,19,1000,800,0,0,0
A01,2026-03-26,20,1900,2000,0,0,0
A01,2026-03-27,9,2900,900,0,1,0
A01,2026-03-27,10,4300,3400,0,1,0
A01,2026-03-27,11,6000,3100,0,1,0
A01,2026-03-27,12,7900,1300,0,1,0
A01,2026-03-27,13,2100,3000,0,1,0
A01,2026-03-27,14,3400,1900,0,1,0
A01,2026-03-27,15,4200,3400,0,1,0
A01,2026-03-27,16,5600,3200,0,1,0
A01,2026-03-27,17,3000,7400,0,1,0
A01,2026-03-27,18,3800,5300,0,1,0
A01,2026-03-27,19,3000,2600,0,1,0
A01,2026-03-27,20,2600,1200,0,1,0
A01,2026-03-28,9,5800,6000,1,1,0
A01,2026-03-28,10,4400,5700,1,1,0
A01,2026-03-28,11,8100,5300,1,1,0
A01,2026-03-28,12,4400,6800,1,1,0
A01,2026-03-28,13,1900,8000,1,1,0
A01,2026-03-28,14,3200,4000,1,1,0
A01,2026-03-28,15,3500,6000,1,1,0
A01,2026-03-28,16,2200,6600,1,1,0
A01,2026-03-28,17,2300,5900,1,1,0
A01,2026-03-28,18,3200,12500,1,1,0
A01,2026-03-28,19,2600,3900,1,1,0
A01,2026-03-28,20,800,2000,1,1,0
A01,2026-03-29,9,3100,2900,1,0,0
A01,2026-03-29,10,1700,2400,1,0,0
A01,2026-03-29,11,6500,3100,1,0,0
A01,2026-03-29,12,1800,3400,1,0,0
A01,2026-03-29,13,1900,3300,1,0,0
A01,2026-03-29,14,3000,2600,1,0,0
A01,2026-03-29,15,1300,4400,1,0,0
A01,2026-03-29,16,3500,6200,1,0,0
A01,2026-03-29,17,1700,4600,1,0,0
A01,2026-03-29,18,2600,10600,1,0,0
A01,2026-03-29,19,2500,4800,1,0,0
A01,2026-03-29,20,1400,4600,1,0,0
A01,2026-03-30,9,2300,2900,1,0,0
A01,2026-03-30,10,2200,2900,1,0,0
A01,2026-03-30,11,2700,3300,1,0,0
A01,2026-03-30,12,4000,3100,1,0,0
A01,2026-03-30,13,2400,1700,1,0,0
A01,2026-03-30,14,1900,5500,1,0,0
A01,2026-03-30,15,1800,4900,1,0,0
A01,2026-03-30,16,1900,6300,1,0,0
A01,2026-03-30,17,1300,4000,1,0,0
A01,2026-03-30,18,1900,4700,1,0,0
A01,2026-03-30,19,3500,6700,1,0,0
A01,2026-03-30,20,2800,5400,1,0,0
A01,2026-03-31,9,2300,2800,1,0,0
A01,2026-03-31,10,2600,1800,1,0,0
A01,2026-03-31,11,5000,8600,1,0,0
A01,2026-03-31,12,2900,7800,1,0,0
A01,2026-03-31,13,3000,2600,1,0,0
A01,2026-03-31,14,2800,6500,1,0,0
A01,2026-03-31,15,3600,6700,1,0,0
A01,2026-03-31,16,2300,8800,1,0,0
A01,2026-03-31,17,5600,11600,1,0,0
A01,2026-03-31,18,1600,13600,1,0,0
A01,2026-03-31,19,6500,7700,1,0,0
A01,2026-03-31,20,3200,7700,1,0,0
A01,2026-04-01,9,6000,3400,1,0,0
A01,2026-04-01,10,2800,3100,1,0,0
A01,2026-04-01,11,3400,4200,1,0,0
A01,2026-04-01,12,5500,2400,1,0,0
A01,2026-04-01,13,3600,4100,1,0,0
A01,2026-04-01,14,4000,5200,1,0,0
A01,2026-04-01,15,4400,7300,1,0,0
A01,2026-04-01,16,3500,11000,1,0,0
A01,2026-04-01,17,1500,36600,1,0,0
A01,2026-04-01,18,2200,9900,1,0,0
A01,2026-04-01,19,3100,3300,1,0,0
A01,2026-04-01,20,2200,9500,1,0,0
A01,2026-04-02,9,4300,5500,1,0,0
A01,2026-04-02,10,2400,3200,1,0,0
A01,2026-04-02,11,7900,6000,1,0,0
A01,2026-04-02,12,8600,3200,1,0,0
A01,2026-04-02,13,5900,2600,1,0,0
A01,2026-04-02,14,2200,7200,1,0,0
A01,2026-04-02,15,4100,4200,1,0,0
A01,2026-04-02,16,4700,10000,1,0,0
A01,2026-04-02,17,1900,7500,1,0,0
A01,2026-04-02,18,2200,12700,1,0,0
A01,2026-04-02,19,3000,6100,1,0,0
A01,2026-04-02,20,1300,3100,1,0,0
A01,2026-04-03,9,4400,5400,1,1,0
A01,2026-04-03,10,4400,6200,1,1,0
A01,2026-04-03,11,3100,3700,1,1,0
A01,2026-04-03,12,6600,1800,1,1,0
A01,2026-04-03,13,3000,3400,1,1,0
A01,2026-04-03,14,3500,3600,1,1,0
A01,2026-04-03,15,3300,13900,1,1,0
A01,2026-04-03,16,2500,7800,1,1,0
A01,2026-04-03,17,3400,20500,1,1,0
A01,2026-04-03,18,3000,7000,1,1,0
A01,2026-04-03,19,2300,2800,1,1,0
A01,2026-04-03,20,2600,5000,1,1,0
A01,2026-04-04,9,4200,5500,1,1,0
A01,2026-04-04,10,8700,4900,1,1,0
A01,2026-04-04,11,2700,3500,1,1,0
A01,2026-04-04,12,4300,3600,1,1,0
A01,2026-04-04,13,3700,3200,1,1,0
A01,2026-04-04,14,2100,3100,1,1,0
A01,2026-04-04,15,2300,7400,1,1,0
A01,2026-04-04,16,1200,9800,1,1,0
A01,2026-04-04,17,1300,5400,1,1,0
A01,2026-04-04,18,2800,6400,1,1,0
A01,2026-04-04,19,2100,9200,1,1,0
A01,2026-04-04,20,1600,5000,1,1,0
A01,2026-04-05,9,3500,2500,1,0,0
A01,2026-04-05,10,3700,10600,1,0,0
A01,2026-04-05,11,3200,3000,1,0,0
A01,2026-04-05,12,2000,7800,1,0,0
A01,2026-04-05,13,2900,6900,1,0,0
A01,2026-04-05,14,6400,3500,1,0,0
A01,2026-04-05,15,1600,14900,1,0,0
A01,2026-04-05,16,4200,8500,1,0,0
A01,2026-04-05,17,1700,8200,1,0,0
A01,2026-04-05,18,1100,5600,1,0,0
A01,2026-04-05,19,3200,5100,1,0,0
A01,2026-04-05,20,3400,7700,1,0,0
A01,2026-04-06,9,4200,900,0,0,0
A01,2026-04-06,10,6000,1700,0,0,0
A01,2026-04-06,11,3200,1500,0,0,0
A01,2026-04-06,12,4000,2000,0,0,0
A01,2026-04-06,13,5000,1200,0,0,0
A01,2026-04-06,14,2600,1900,0,0,0
A01,2026-04-06,15,3300,3000,0,0,0
A01,2026-04-06,16,1400,2900,0,0,0
A01,2026-04-06,17,1100,4900,0,0,0
A01,2026-04-06,18,1100,7900,0,0,0
A01,2026-04-06,19,2000,2900,0,0,0
A01,2026-04-06,20,2500,1900,0,0,0
A01,2026-04-07,9,1400,1700,0,0,0
A01,2026-04-07,10,2300,1700,0,0,0
A01,2026-04-07,11,3300,2400,0,0,0
A01,2026-04-07,12,5500,2300,0,0,0
A01,2026-04-07,13,2100,1400,0,0,0
A01,2026-04-07,14,2400,2800,0,0,0
A01,2026-04-07,15,2600,2200,0,0,0
A01,2026-04-07,16,3800,3200,0,0,0
A01,2026-04-07,17,800,3600,0,0,0
A01,2026-04-07,18,4100,4200,0,0,0
A01,2026-04-07,19,3400,2600,0,0,0
A01,2026-04-07,20,1900,1800,0,0,0
A01,2026-04-08,9,4200,2400,0,0,0
A01,2026-04-08,10,2500,1800,0,0,0
A01,2026-04-08,11,3500,2200,0,0,0
A01,2026-04-08,12,3700,4300,0,0,0
A01,2026-04-08,13,2200,2700,0,0,0
A01,2026-04-08,14,1100,1900,0,0,0
A01,2026-04-08,15,3400,3900,0,0,0
A01,2026-04-08,16,1200,3300,0,0,0
A01,2026-04-08,17,1000,3700,0,0,0
A01,2026-04-08,18,4700,3400,0,0,0
A01,2026-04-08,19,2100,2900,0,0,0
A01,2026-04-08,20,1700,2700,0,0,0
A01,2026-04-09,9,3500,2600,0,0,0
A01,2026-04-09,10,2600,1500,0,0,0
A01,2026-04-09,11,3400,3700,0,0,0
A01,2026-04-09,12,3000,1200,0,0,0
A01,2026-04-09,13,1400,3100,0,0,0
A01,2026-04-09,14,1700,2300,0,0,0
A01,2026-04-09,15,2200,4400,0,0,0
A01,2026-04-09,16,1700,4000,0,0,0
A01,2026-04-09,17,3100,3700,0,0,0
A01,2026-04-09,18,1300,2400,0,0,0
A01,2026-04-09,19,3400,3100,0,0,0
A01,2026-04-09,20,1600,2300,0,0,0
A01,2026-04-10,9,2900,2400,0,1,0
A01,2026-04-10,10,9600,2900,0,1,0
A01,2026-04-10,11,7100,3200,0,1,0
A01,2026-04-10,12,8100,1500,0,1,0
A01,2026-04-10,13,5800,2100,0,1,0
A01,2026-04-10,14,3300,2400,0,1,0
A01,2026-04-10,15,2200,4900,0,1,0
A01,2026-04-10,16,1600,9900,0,1,0
A01,2026-04-10,17,5200,6300,0,1,0
A01,2026-04-10,18,1800,12900,0,1,0
A01,2026-04-10,19,2300,4100,0,1,0
A01,2026-04-10,20,4400,6000,0,1,0
A01,2026-04-11,9,6200,1800,0,1,0
A01,2026-04-11,10,5200,900,0,1,0
A01,2026-04-11,11,8400,700,0,1,0
A01,2026-04-11,12,9700,2800,0,1,0
A01,2026-04-11,13,4200,2600,0,1,0
A01,2026-04-11,14,3300,6000,0,1,0
A01,2026-04-11,15,8200,6900,0,1,0
A01,2026-04-11,16,3400,3700,0,1,0
A01,2026-04-11,17,2000,6100,0,1,0
A01,2026-04-11,18,2200,4700,0,1,0
A01,2026-04-11,19,5500,3100,0,1,0
A01,2026-04-11,20,2700,5000,0,1,0
A01,2026-04-12,9,2200,1800,0,0,0
A01,2026-04-12,10,3100,2300,0,0,0
A01,2026-04-12,11,4700,2400,0,0,0
A01,2026-04-12,12,3400,2200,0,0,0
A01,2026-04-12,13,3100,2600,0,0,0
A01,2026-04-12,14,3400,2400,0,0,0
A01,2026-04-12,15,3300,7500,0,0,0
A01,2026-04-12,16,4500,6200,0,0,0
A01,2026-04-12,17,1600,6700,0,0,0
A01,2026-04-12,18,2800,6100,0,0,0
A01,2026-04-12,19,2000,2300,0,0,0
A01,2026-04-12,20,2400,2900,0,0,0
A01,2026-04-13,9,3200,2200,0,0,0
A01,2026-04-13,10,5400,1800,0,0,0
A01,2026-04-13,11,7800,2300,0,0,0
A01,2026-04-13,12,5300,3200,0,0,0
A01,2026-04-13,13,2200,1500,0,0,0
A01,2026-04-13,14,1600,3000,0,0,0
A01,2026-04-13,15,4100,1300,0,0,0
A01,2026-04-13,16,1300,2300,0,0,0
A01,2026-04-13,17,3400,5500,0,0,0
A01,2026-04-13,18,1700,3900,0,0,0
A01,2026-04-13,19,2600,1900,0,0,0
A01,2026-04-13,20,3000,3600,0,0,0
A01,2026-04-14,9,3700,1600,0,0,1
A01,2026-04-14,10,3500,1000,0,0,1
A01,2026-04-14,11,4600,2200,0,0,1
A01,2026-04-14,12,5600,2300,0,0,1
A01,2026-04-14,13,3200,2200,0,0,1
A01,2026-04-14,14,1500,2500,0,0,1
A01,2026-04-14,15,1600,5300,0,0,1
A01,2026-04-14,16,1900,8400,0,0,1
A01,2026-04-14,17,2100,16000,0,0,1
A01,2026-04-14,18,1900,4200,0,0,1
A01,2026-04-14,19,3100,16600,0,0,1
A01,2026-04-14,20,1600,8100,0,0,1
A01,2026-04-15,9,4400,1800,0,0,0
A01,2026-04-15,10,6400,2400,0,0,0
A01,2026-04-15,11,6100,2200,0,0,0
A01,2026-04-15,12,9200,2000,0,0,0
A01,2026-04-15,13,2400,1900,0,0,0
A01,2026-04-15,14,4100,2100,0,0,0
A01,2026-04-15,15,2200,6000,0,0,0
A01,2026-04-15,16,2600,8100,0,0,0
A01,2026-04-15,17,2300,8100,0,0,0
A01,2026-04-15,18,4300,5100,0,0,0
A01,2026-04-15,19,4100,5900,0,0,0
A01,2026-04-15,20,1800,4600,0,0,0
A01,2026-04-16,9,2100,1600,0,0,0
A01,2026-04-16,10,6100,3000,0,0,0
A01,2026-04-16,11,5400,1400,0,0,0
A01,2026-04-16,12,7000,2000,0,0,0
A01,2026-04-16,13,1900,2200,0,0,0
A01,2026-04-16,14,1900,1600,0,0,0
A01,2026-04-16,15,2300,6500,0,0,0
A01,2026-04-16,16,1900,5600,0,0,0
A01,2026-04-16,17,3500,6700,0,0,0
A01,2026-04-16,18,1900,3700,0,0,0
A01,2026-04-16,19,2600,6800,0,0,0
A01,2026-04-16,20,4100,4300,0,0,0
A01,2026-04-17,9,4900,3000,0,1,0
A01,2026-04-17,10,2700,1100,0,1,0
A01,2026-04-17,11,5900,1000,0,1,0
A01,2026-04-17,12,3200,2000,0,1,0
A01,2026-04-17,13,6700,3000,0,1,0
A01,2026-04-17,14,5000,3800,0,1,0
A01,2026-04-17,15,5700,2400,0,1,0
A01,2026-04-17,16,3400,3400,0,1,0
A01,2026-04-17,17,2100,6100,0,1,0
A01,2026-04-17,18,1700,6100,0,1,0
A01,2026-04-17,19,3000,3200,0,1,0
A01,2026-04-17,20,3700,2500,0,1,0
A01,2026-04-18,9,4300,1000,0,1,0
A01,2026-04-18,10,3400,1600,0,1,0
A01,2026-04-18,11,4200,3700,0,1,0
A01,2026-04-18,12,3100,1600,0,1,0
A01,2026-04-18,13,2300,1500,0,1,0
A01,2026-04-18,14,4400,2800,0,1,0
A01,2026-04-18,15,3100,1500,0,1,0
A01,2026-04-18,16,2000,2500,0,1,0
A01,2026-04-18,17,2100,2500,0,1,0
A01,2026-04-18,18,5600,3800,0,1,0
A01,2026-04-18,19,2400,2500,0,1,0
A01,2026-04-18,20,2200,2200,0,1,0
A01,2026-04-19,9,1900,3200,0,0,0
A01,2026-04-19,10,5600,1800,0,0,0
A01,2026-04-19,11,4400,2500,0,0,0
A01,2026-04-19,12,2900,2900,0,0,0
A01,2026-04-19,13,4300,2300,0,0,0
A01,2026-04-19,14,2800,2700,0,0,0
A01,2026-04-19,15,2200,2700,0,0,0
A01,2026-04-19,16,2100,4200,0,0,0
A01,2026-04-19,17,1500,4000,0,0,0
A01,2026-04-19,18,2800,7200,0,0,0
A01,2026-04-19,19,2200,3900,0,0,0
A01,2026-04-19,20,1800,2200,0,0,0
A01,2026-04-20,9,2300,1800,0,0,0
A01,2026-04-20,10,2600,3100,0,0,0
A01,2026-04-20,11,3100,1600,0,0,0
A01,2026-04-20,12,3500,1300,0,0,0
A01,2026-04-20,13,4800,1500,0,0,0
A01,2026-04-20,14,1700,2100,0,0,0
A01,2026-04-20,15,1900,3900,0,0,0
A01,2026-04-20,16,1400,7600,0,0,0
A01,2026-04-20,17,1900,8400,0,0,0
A01,2026-04-20,18,2900,2200,0,0,0
A01,2026-04-20,19,3900,4100,0,0,0
A01,2026-04-20,20,1800,1100,0,0,0
A01,2026-04-21,9,3000,2200,0,0,0
A01,2026-04-21,10,7900,2600,0,0,0
A01,2026-04-21,11,5500,1500,0,0,0
A01,2026-04-21,12,3400,2300,0,0,0
A01,2026-04-21,13,6100,2200,0,0,0
A01,2026-04-21,14,2200,2000,0,0,0
A01,2026-04-21,15,1300,4500,0,0,0
A01,2026-04-21,16,1600,4800,0,0,0
A01,2026-04-21,17,4400,4600,0,0,0
A01,2026-04-21,18,1500,5300,0,0,0
A01,2026-04-21,19,1600,2600,0,0,0
A01,2026-04-21,20,2800,2000,0,0,0
A01,2026-04-22,9,4000,1800,0,0,0
A01,2026-04-22,10,4300,1400,0,0,0
A01,2026-04-22,11,4500,2000,0,0,0
A01,2026-04-22,12,3200,2100,0,0,0
A01,2026-04-22,13,2100,2000,0,0,0
A01,2026-04-22,14,1500,1300,0,0,0
A01,2026-04-22,15,1500,1500,0,0,0
A01,2026-04-22,16,1300,4200,0,0,0
A01,2026-04-22,17,1300,2500,0,0,0
A01,2026-04-22,18,1900,2100,0,0,0
A01,2026-04-22,19,2500,3100,0,0,0
A01,2026-04-22,20,1100,1700,0,0,0
A01,2026-04-23,9,2000,2300,0,0,0
A01,2026-04-23,10,2300,2200,0,0,0
A01,2026-04-23,11,4500,1800,0,0,0
A01,2026-04-23,12,5000,1600,0,0,0
A01,2026-04-23,13,3000,3300,0,0,0
A01,2026-04-23,14,2700,2400,0,0,0
A01,2026-04-23,15,1600,1800,0,0,0
A01,2026-04-23,16,1800,5600,0,0,0
A01,2026-04-23,17,1200,6200,0,0,0
A01,2026-04-23,18,900,3500,0,0,0
A01,2026-04-23,19,2100,2300,0,0,0
A01,2026-04-23,20,1100,3400,0,0,0
A01,2026-04-24,9,5200,1900,0,1,0
A01,2026-04-24,10,9000,2700,0,1,0
A01,2026-04-24,11,4000,1200,0,1,0
A01,2026-04-24,12,3400,1600,0,1,0
A01,2026-04-24,13,4100,1400,0,1,0
A01,2026-04-24,14,2900,2200,0,1,0
A01,2026-04-24,15,2600,3300,0,1,0
A01,2026-04-24,16,4700,7400,0,1,0
A01,2026-04-24,17,3900,3600,0,1,0
A01,2026-04-24,18,1600,3200,0,1,0
A01,2026-04-24,19,3300,1600,0,1,0
A01,2026-04-24,20,5600,2000,0,1,0
A01,2026-04-25,9,2400,1300,0,1,1
A01,2026-04-25,10,6700,1400,0,1,1
A01,2026-04-25,11,3000,1900,0,1,1
A01,2026-04-25,12,2600,2300,0,1,1
A01,2026-04-25,13,3100,3500,0,1,1
A01,2026-04-25,14,4300,2400,0,1,1
A01,2026-04-25,15,2100,6300,0,1,1
A01,2026-04-25,16,3900,9900,0,1,1
A01,2026-04-25,17,2600,7100,0,1,1
A01,2026-04-25,18,4100,3600,0,1,1
A01,2026-04-25,19,3300,8600,0,1,1
A01,2026-04-25,20,2200,2700,0,1,1
A01,2026-04-26,9,2400,1100,0,0,0
A01,2026-04-26,10,3600,1300,0,0,0
A01,2026-04-26,11,2500,1900,0,0,0
A01,2026-04-26,12,5900,2000,0,0,0
A01,2026-04-26,13,3600,2100,0,0,0
A01,2026-04-26,14,1300,2100,0,0,0
A01,2026-04-26,15,3600,3200,0,0,0
A01,2026-04-26,16,2600,3300,0,0,0
A01,2026-04-26,17,1400,3500,0,0,0
A01,2026-04-26,18,1500,5400,0,0,0
A01,2026-04-26,19,1800,2700,0,0,0
A01,2026-04-26,20,1500,3000,0,0,0
A01,2026-04-27,9,2000,2500,0,0,0
A01,2026-04-27,10,4100,1700,0,0,0
A01,2026-04-27,11,3100,1200,0,0,0
A01,2026-04-27,12,3100,3200,0,0,0
A01,2026-04-27,13,4800,2300,0,0,0
A01,2026-04-27,14,3700,4200,0,0,0
A01,2026-04-27,15,1500,5000,0,0,0
A01,2026-04-27,16,3200,8000,0,0,0
A01,2026-04-27,17,4200,5800,0,0,0
A01,2026-04-27,18,3500,3600,0,0,0
A01,2026-04-27,19,6500,4600,0,0,0
A01,2026-04-27,20,3100,6900,0,0,0
A01,2026-04-28,9,2500,2000,1,0,0
A01,2026-04-28,10,3600,4100,1,0,0
A01,2026-04-28,11,5100,3000,1,0,0
A01,2026-04-28,12,5200,3900,1,0,0
A01,2026-04-28,13,2300,5300,1,0,0
A01,2026-04-28,14,2000,11400,1,0,0
A01,2026-04-28,15,1400,9000,1,0,0
A01,2026-04-28,16,2700,9300,1,0,0
A01,2026-04-28,17,1500,6400,1,0,0
A01,2026-04-28,18,3900,10900,1,0,0
A01,2026-04-28,19,1600,2100,1,0,0
A01,2026-04-28,20,1700,4800,1,0,0
A01,2026-04-29,9,3300,4400,1,0,0
A01,2026-04-29,10,4300,3900,1,0,0
A01,2026-04-29,11,2300,5000,1,0,0
A01,2026-04-29,12,3100,3400,1,0,0
A01,2026-04-29,13,2800,6600,1,0,0
A01,2026-04-29,14,1800,2800,1,0,0
A01,2026-04-29,15,2100,9300,1,0,0
A01,2026-04-29,16,3600,14400,1,0,0
A01,2026-04-29,17,2100,6800,1,0,0
A01,2026-04-29,18,3100,9200,1,0,0
A01,2026-04-29,19,2400,3900,1,0,0
A01,2026-04-29,20,1200,3700,1,0,0
A01,2026-04-30,9,6400,4100,1,0,1
A01,2026-04-30,10,2000,4000,1,0,1
A01,2026-04-30,11,6600,2400,1,0,1
A01,2026-04-30,12,3600,3300,1,0,1
A01,2026-04-30,13,1900,1900,1,0,1
A01,2026-04-30,14,2000,2500,1,0,1
A01,2026-04-30,15,2200,10600,1,0,1
A01,2026-04-30,16,2200,19000,1,0,1
A01,2026-04-30,17,1500,16300,1,0,1
A01,2026-04-30,18,700,26400,1,0,1
A01,2026-04-30,19,1600,10700,1,0,1
A01,2026-04-30,20,4800,10800,1,0,1
A01,2026-05-01,9,5000,3500,1,1,1
A01,2026-05-01,10,4400,2700,1,1,1
A01,2026-05-01,11,8500,5800,1,1,1
A01,2026-05-01,12,3000,5200,1,1,1
A01,2026-05-01,13,6300,2300,1,1,1
A01,2026-05-01,14,8900,5300,1,1,1
A01,2026-05-01,15,1600,26300,1,1,1
A01,2026-05-01,16,3700,19800,1,1,1
A01,2026-05-01,17,2100,24700,1,1,1
A01,2026-05-01,18,5000,20900,1,1,1
A01,2026-05-01,19,1200,11100,1,1,1
A01,2026-05-01,20,5300,12200,1,1,1
A01,2026-05-02,9,5000,2700,1,1,0
A01,2026-05-02,10,2200,2800,1,1,0
A01,2026-05-02,11,2000,3200,1,1,0
A01,2026-05-02,12,3500,2900,1,1,0
A01,2026-05-02,13,4800,5400,1,1,0
A01,2026-05-02,14,3300,3600,1,1,0
A01,2026-05-02,15,2000,8700,1,1,0
A01,2026-05-02,16,3600,4600,1,1,0
A01,2026-05-02,17,1300,10500,1,1,0
A01,2026-05-02,18,2800,3700,1,1,0
A01,2026-05-02,19,3000,4500,1,1,0
A01,2026-05-02,20,3900,3900,1,1,0
A01,2026-05-03,9,1900,1000,1,0,0
A01,2026-05-03,10,3300,2800,1,0,0
A01,2026-05-03,11,3300,4200,1,0,0
A01,2026-05-03,12,7300,2300,1,0,0
A01,2026-05-03,13,2700,1800,1,0,0
A01,2026-05-03,14,1200,5700,1,0,0
A01,2026-05-03,15,1500,5200,1,0,0
A01,2026-05-03,16,1900,7300,1,0,0
A01,2026-05-03,17,800,6600,1,0,0
A01,2026-05-03,18,1900,6800,1,0,0
A01,2026-05-03,19,1200,4000,1,0,0
A01,2026-05-03,20,3700,3400,1,0,0
A01,2026-05-04,9,1600,9600,1,0,1
A01,2026-05-04,10,3700,4100,1,0,1
A01,2026-05-04,11,1600,3900,1,0,1
A01,2026-05-04,12,3000,2600,1,0,1
A01,2026-05-04,13,2800,6200,1,0,1
A01,2026-05-04,14,1800,4200,1,0,1
A01,2026-05-04,15,1100,19200,1,0,1
A01,2026-05-04,16,2400,15900,1,0,1
A01,2026-05-04,17,1300,19700,1,0,1
A01,2026-05-04,18,2300,37200,1,0,1
A01,2026-05-04,19,2400,20800,1,0,1
A01,2026-05-04,20,2200,23000,1,0,1
A01,2026-05-05,9,2300,2500,1,0,1
A01,2026-05-05,10,6500,5000,1,0,1
A01,2026-05-05,11,2800,4400,1,0,1
A01,2026-05-05,12,3300,3500,1,0,1
A01,2026-05-05,13,9200,2800,1,0,1
A01,2026-05-05,14,2100,3400,1,0,1
A01,2026-05-05,15,1400,15500,1,0,1
A01,2026-05-05,16,1800,20800,1,0,1
A01,2026-05-05,17,2100,15300,1,0,1
A01,2026-05-05,18,2400,23600,1,0,1
A01,2026-05-05,19,2400,7800,1,0,1
A01,2026-05-05,20,1600,7100,1,0,1
A01,2026-05-06,9,3100,3400,0,0,0
A01,2026-05-06,10,4500,3100,0,0,0
A01,2026-05-06,11,2700,3000,0,0,0
A01,2026-05-06,12,6300,3700,0,0,0
A01,2026-05-06,13,3200,1600,0,0,0
A01,2026-05-06,14,4900,3300,0,0,0
A01,2026-05-06,15,2400,3800,0,0,0
A01,2026-05-06,16,2000,6200,0,0,0
A01,2026-05-06,17,1300,2300,0,0,0
A01,2026-05-06,18,2800,5500,0,0,0
A01,2026-05-06,19,6800,3300,0,0,0
A01,2026-05-06,20,2600,2200,0,0,0
A01,2026-05-07,9,1900,1400,0,0,0
A01,2026-05-07,10,11000,3600,0,0,0
A01,2026-05-07,11,3500,1100,0,0,0
A01,2026-05-07,12,5000,2400,0,0,0
A01,2026-05-07,13,1500,3200,0,0,0
A01,2026-05-07,14,1300,3900,0,0,0
A01,2026-05-07,15,2000,4900,0,0,0
A01,2026-05-07,16,1200,3000,0,0,0
A01,2026-05-07,17,1200,11300,0,0,0
A01,2026-05-07,18,3100,2400,0,0,0
A01,2026-05-07,19,2600,4000,0,0,0
A01,2026-05-07,20,2200,2200,0,0,0
A01,2026-05-08,9,2000,2300,0,1,0
A01,2026-05-08,10,4200,3100,0,1,0
A01,2026-05-08,11,3300,1900,0,1,0
A01,2026-05-08,12,7200,2000,0,1,0
A01,2026-05-08,13,2800,2200,0,1,0
A01,2026-05-08,14,4200,1700,0,1,0
A01,2026-05-08,15,2400,1500,0,1,0
A01,2026-05-08,16,2900,9300,0,1,0
A01,2026-05-08,17,2300,5200,0,1,0
A01,2026-05-08,18,1200,5100,0,1,0
A01,2026-05-08,19,1800,2000,0,1,0
A01,2026-05-08,20,2700,1000,0,1,0
A01,2026-05-09,9,3400,2100,0,1,0
A01,2026-05-09,10,3400,1200,0,1,0
A01,2026-05-09,11,4100,1400,0,1,0
A01,2026-05-09,12,3900,2700,0,1,0
A01,2026-05-09,13,3100,900,0,1,0
A01,2026-05-09,14,4800,2600,0,1,0
A01,2026-05-09,15,2000,1900,0,1,0
A01,2026-05-09,16,2600,3300,0,1,0
A01,2026-05-09,17,3000,4600,0,1,0
A01,2026-05-09,18,3000,3700,0,1,0
A01,2026-05-09,19,2000,2400,0,1,0
A01,2026-05-09,20,2100,1100,0,1,0
A01,2026-05-10,9,6300,1400,0,0,0
A01,2026-05-10,10,2300,900,0,0,0
A01,2026-05-10,11,3400,900,0,0,0
A01,2026-05-10,12,3500,1100,0,0,0
A01,2026-05-10,13,2700,2300,0,0,0
A01,2026-05-10,14,1300,1900,0,0,0
A01,2026-05-10,15,2000,2500,0,0,0
A01,2026-05-10,16,1900,5000,0,0,0
A01,2026-05-10,17,1400,4800,0,0,0
A01,2026-05-10,18,2000,4600,0,0,0
A01,2026-05-10,19,1000,5000,0,0,0
A01,2026-05-10,20,1600,1900,0,0,0
A01,2026-05-11,9,3800,3300,0,0,0
A01,2026-05-11,10,6200,2700,0,0,0
A01,2026-05-11,11,6500,4700,0,0,0
A01,2026-05-11,12,3300,1800,0,0,0
A01,2026-05-11,13,4300,1300,0,0,0
A01,2026-05-11,14,5000,3800,0,0,0
A01,2026-05-11,15,900,3300,0,0,0
A01,2026-05-11,16,2300,10100,0,0,0
A01,2026-05-11,17,1900,8700,0,0,0
A01,2026-05-11,18,3500,2700,0,0,0
A01,2026-05-11,19,3300,6400,0,0,0
A01,2026-05-11,20,3300,2300,0,0,0
A01,2026-05-12,9,2700,1300,0,0,0
A01,2026-05-12,10,900,1100,0,0,0
A01,2026-05-12,11,4800,1500,0,0,0
A01,2026-05-12,12,2700,900,0,0,0
A01,2026-05-12,13,2600,1800,0,0,0
A01,2026-05-12,14,2000,400,0,0,0
A01,2026-05-12,15,1400,2000,0,0,0
A01,2026-05-12,16,1200,3200,0,0,0
A01,2026-05-12,17,1200,1900,0,0,0
A01,2026-05-12,18,1200,2900,0,0,0
A01,2026-05-12,19,1700,2600,0,0,0
A01,2026-05-12,20,1600,1800,0,0,0
A01,2026-05-13,9,4200,700,0,0,0
A01,2026-05-13,10,4600,2200,0,0,0
A01,2026-05-13,11,4500,2100,0,0,0
A01,2026-05-13,12,2400,1600,0,0,0
A01,2026-05-13,13,3400,1600,0,0,0
A01,2026-05-13,14,2400,4600,0,0,0
A01,2026-05-13,15,3300,6100,0,0,0
A01,2026-05-13,16,3300,2500,0,0,0
A01,2026-05-13,17,1500,8400,0,0,0
A01,2026-05-13,18,1800,5200,0,0,0
A01,2026-05-13,19,1800,2100,0,0,0
A01,2026-05-13,20,1700,3200,0,0,0
A01,2026-05-14,9,2300,2400,0,0,0
A01,2026-05-14,10,3800,2400,0,0,0
A01,2026-05-14,11,4800,1900,0,0,0
A01,2026-05-14,12,3300,2200,0,0,0
A01,2026-05-14,13,2700,5500,0,0,0
A01,2026-05-14,14,1600,4400,0,0,0
A01,2026-05-14,15,3800,6200,0,0,0
A01,2026-05-14,16,2400,3400,0,0,0
A01,2026-05-14,17,4300,6500,0,0,0
A01,2026-05-14,18,1900,5600,0,0,0
A01,2026-05-14,19,1700,2400,0,0,0
A01,2026-05-14,20,1100,2600,0,0,0
A01,2026-05-15,9,2300,2400,0,1,0
A01,2026-05-15,10,5300,1800,0,1,0
A01,2026-05-15,11,5400,4100,0,1,0
A01,2026-05-15,12,5000,2400,0,1,0
A01,2026-05-15,13,2900,1700,0,1,0
A01,2026-05-15,14,2300,2100,0,1,0
A01,2026-05-15,15,5000,2600,0,1,0
A01,2026-05-15,16,3600,14100,0,1,0
A01,2026-05-15,17,3300,7000,0,1,0
A01,2026-05-15,18,3300,3000,0,1,0
A01,2026-05-15,19,4100,2000,0,1,0
A01,2026-05-15,20,2400,4300,0,1,0
A01,2026-05-16,9,3100,1300,0,1,0
A01,2026-05-16,10,6300,1300,0,1,0
A01,2026-05-16,11,2700,1000,0,1,0
A01,2026-05-16,12,3600,1800,0,1,0
A01,2026-05-16,13,2000,2600,0,1,0
A01,2026-05-16,14,2300,4300,0,1,0
A01,2026-05-16,15,5600,2600,0,1,0
A01,2026-05-16,16,3400,4200,0,1,0
A01,2026-05-16,17,1500,8700,0,1,0
A01,2026-05-16,18,1900,3500,0,1,0
A01,2026-05-16,19,3000,2300,0,1,0
A01,2026-05-16,20,4400,2000,0,1,0
A01,2026-05-17,9,3600,4100,0,0,0
A01,2026-05-17,10,4100,2300,0,0,0
A01,2026-05-17,11,2300,1500,0,0,0
A01,2026-05-17,12,5300,2400,0,0,0
A01,2026-05-17,13,2700,2200,0,0,0
A01,2026-05-17,14,2600,800,0,0,0
A01,2026-05-17,15,3000,3200,0,0,0
A01,2026-05-17,16,1200,3800,0,0,0
A01,2026-05-17,17,3000,6700,0,0,0
A01,2026-05-17,18,2000,3600,0,0,0
A01,2026-05-17,19,1800,2000,0,0,0
A01,2026-05-17,20,2500,1800,0,0,0
A01,2026-05-18,9,3400,2800,0,0,0
A01,2026-05-18,10,3500,2200,0,0,0
A01,2026-05-18,11,1500,1700,0,0,0
A01,2026-05-18,12,2500,1300,0,0,0
A01,2026-05-18,13,1500,3100,0,0,0
A01,2026-05-18,14,2300,3300,0,0,0
A01,2026-05-18,15,2800,1500,0,0,0
A01,2026-05-18,16,2000,4000,0,0,0
A01,2026-05-18,17,2300,2900,0,0,0
A01,2026-05-18,18,2100,8800,0,0,0
A01,2026-05-18,19,1800,5600,0,0,0
A01,2026-05-18,20,2000,1300,0,0,0
A01,2026-05-19,9,3700,3000,0,0,0
A01,2026-05-19,10,6200,1600,0,0,0
A01,2026-05-19,11,3300,1100,0,0,0
A01,2026-05-19,12,2400,3000,0,0,0
A01,2026-05-19,13,1900,1500,0,0,0
A01,2026-05-19,14,2600,2600,0,0,0
A01,2026-05-19,15,2000,3400,0,0,0
A01,2026-05-19,16,3400,2800,0,0,0
A01,2026-05-19,17,2000,4300,0,0,0
A01,2026-05-19,18,1900,4300,0,0,0
A01,2026-05-19,19,1700,3400,0,0,0
A01,2026-05-19,20,1700,1900,0,0,0
A01,2026-05-20,9,5500,4100,0,0,0
A01,2026-05-20,10,5500,6800,0,0,0
A01,2026-05-20,11,2600,2600,0,0,0
A01,2026-05-20,12,2900,2900,0,0,0
A01,2026-05-20,13,3200,1300,0,0,0
A01,2026-05-20,14,2200,2400,0,0,0
A01,2026-05-20,15,3700,4800,0,0,0
A01,2026-05-20,16,4100,3700,0,0,0
A01,2026-05-20,17,2200,2800,0,0,0
A01,2026-05-20,18,1500,9300,0,0,0
A01,2026-05-20,19,1300,3000,0,0,0
A01,2026-05-20,20,1700,1800,0,0,0
A01,2026-05-21,9,2600,4200,0,0,0
A01,2026-05-21,10,9200,2100,0,0,0
A01,2026-05-21,11,5300,2800,0,0,0
A01,2026-05-21,12,6400,2100,0,0,0
A01,2026-05-21,13,4000,3100,0,0,0
A01,2026-05-21,14,5200,2800,0,0,0
A01,2026-05-21,15,4200,8900,0,0,0
A01,2026-05-21,16,2500,5100,0,0,0
A01,2026-05-21,17,2900,8600,0,0,0
A01,2026-05-21,18,1500,6900,0,0,0
A01,2026-05-21,19,1700,7800,0,0,0
A01,2026-05-21,20,2900,2900,0,0,0
A01,2026-05-22,9,4100,1000,0,1,1
A01,2026-05-22,10,4300,2500,0,1,1
A01,2026-05-22,11,3500,2200,0,1,1
A01,2026-05-22,12,8400,800,0,1,1
A01,2026-05-22,13,2000,2000,0,1,1
A01,2026-05-22,14,1700,4600,0,1,1
A01,2026-05-22,15,3100,8000,0,1,1
A01,2026-05-22,16,2000,9900,0,1,1
A01,2026-05-22,17,2100,11600,0,1,1
A01,2026-05-22,18,2300,4600,0,1,1
A01,2026-05-22,19,1100,7300,0,1,1
A01,2026-05-22,20,2700,5300,0,1,1
A01,2026-05-23,9,4000,1200,0,1,0
A01,2026-05-23,10,5500,1300,0,1,0
A01,2026-05-23,11,8000,2400,0,1,0
A01,2026-05-23,12,2700,2200,0,1,0
A01,2026-05-23,13,4300,2600,0,1,0
A01,2026-05-23,14,3300,3700,0,1,0
A01,2026-05-23,15,4800,4200,0,1,0
A01,2026-05-23,16,4700,5300,0,1,0
A01,2026-05-23,17,3700,7500,0,1,0
A01,2026-05-23,18,1900,5100,0,1,0
A01,2026-05-23,19,5900,3800,0,1,0
A01,2026-05-23,20,3500,7500,0,1,0
A01,2026-05-24,9,3400,4900,0,0,0
A01,2026-05-24,10,8200,2900,0,0,0
A01,2026-05-24,11,8400,3900,0,0,0
A01,2026-05-24,12,10600,2000,0,0,0
A01,2026-05-24,13,4100,4800,0,0,0
A01,2026-05-24,14,3300,4300,0,0,0
A01,2026-05-24,15,4500,5000,0,0,0
A01,2026-05-24,16,3900,3800,0,0,0
A01,2026-05-24,17,2600,12000,0,0,0
A01,2026-05-24,18,3100,5600,0,0,0
A01,2026-05-24,19,2000,6700,0,0,0
A01,2026-05-24,20,2800,5600,0,0,0
A01,2026-05-25,9,3700,2200,0,0,0
A01,2026-05-25,10,2300,5200,0,0,0
A01,2026-05-25,11,1900,1600,0,0,0
A01,2026-05-25,12,3200,3200,0,0,0
A01,2026-05-25,13,2100,1200,0,0,0
A01,2026-05-25,14,1800,5200,0,0,0
A01,2026-05-25,15,2300,1500,0,0,0
A01,2026-05-25,16,2400,7100,0,0,0
A01,2026-05-25,17,7400,5200,0,0,0
A01,2026-05-25,18,3100,3800,0,0,0
A01,2026-05-25,19,3100,1700,0,0,0
A01,2026-05-25,20,1200,3300,0,0,0
A01,2026-05-26,9,2800,1300,0,0,0
A01,2026-05-26,10,1100,1300,0,0,0
A01,2026-05-26,11,2400,2400,0,0,0
A01,2026-05-26,12,2800,1700,0,0,0
A01,2026-05-26,13,1500,1900,0,0,0
A01,2026-05-26,14,2000,1800,0,0,0
A01,2026-05-26,15,1300,3000,0,0,0
A01,2026-05-26,16,1400,4200,0,0,0
A01,2026-05-26,17,1400,5900,0,0,0
A01,2026-05-26,18,900,2700,0,0,0
A01,2026-05-26,19,2000,2300,0,0,0
A01,2026-05-26,20,2100,1100,0,0,0
A01,2026-05-27,9,4600,1400,0,0,0
A01,2026-05-27,10,3500,2400,0,0,0
A01,2026-05-27,11,3900,800,0,0,0
A01,2026-05-27,12,2600,1900,0,0,0
A01,2026-05-27,13,3000,1500,0,0,0
A01,2026-05-27,14,2300,3700,0,0,0
A01,2026-05-27,15,700,3600,0,0,0
A01,2026-05-27,16,2500,3500,0,0,0
A01,2026-05-27,17,1400,6100,0,0,0
A01,2026-05-27,18,2900,2900,0,0,0
A01,2026-05-27,19,3300,2400,0,0,0
A01,2026-05-27,20,1400,2500,0,0,0
A01,2026-05-28,9,3600,2200,1,0,0
A01,2026-05-28,10,1900,1200,1,0,0
A01,2026-05-28,11,3900,2100,1,0,0
A01,2026-05-28,12,2800,2500,1,0,0
A01,2026-05-28,13,5000,2800,1,0,0
A01,2026-05-28,14,1800,3200,1,0,0
A01,2026-05-28,15,1500,6400,1,0,0
A01,2026-05-28,16,1400,8700,1,0,0
A01,2026-05-28,17,2300,8700,1,0,0
A01,2026-05-28,18,3200,5100,1,0,0
A01,2026-05-28,19,2200,7700,1,0,0
A01,2026-05-28,20,2400,4400,1,0,0
A01,2026-05-29,9,6800,5700,1,1,0
A01,2026-05-29,10,8000,1100,1,1,0
A01,2026-05-29,11,4900,9600,1,1,0
A01,2026-05-29,12,7900,3200,1,1,0
A01,2026-05-29,13,3900,5300,1,1,0
A01,2026-05-29,14,3000,3000,1,1,0
A01,2026-05-29,15,1800,8500,1,1,0
A01,2026-05-29,16,1600,7700,1,1,0
A01,2026-05-29,17,7000,9300,1,1,0
A01,2026-05-29,18,3900,5800,1,1,0
A01,2026-05-29,19,2300,3900,1,1,0
A01,2026-05-29,20,3000,2200,1,1,0
A01,2026-05-30,9,8700,4000,1,1,0
A01,2026-05-30,10,4700,6800,1,1,0
A01,2026-05-30,11,5700,3600,1,1,0
A01,2026-05-30,12,4600,2500,1,1,0
A01,2026-05-30,13,3600,6100,1,1,0
A01,2026-05-30,14,4200,9600,1,1,0
A01,2026-05-30,15,3100,7300,1,1,0
A01,2026-05-30,16,4900,12700,1,1,0
A01,2026-05-30,17,5000,10500,1,1,0
A01,2026-05-30,18,5500,5100,1,1,0
A01,2026-05-30,19,4300,5200,1,1,0
A01,2026-05-30,20,3100,4800,1,1,0
A01,2026-05-31,9,2200,3800,1,0,0
A01,2026-05-31,10,5400,4000,1,0,0
A01,2026-05-31,11,2300,4300,1,0,0
A01,2026-05-31,12,5400,2000,1,0,0
A01,2026-05-31,13,5200,5000,1,0,0
A01,2026-05-31,14,2800,7700,1,0,0
A01,2026-05-31,15,2100,5000,1,0,0
A01,2026-05-31,16,2900,9100,1,0,0
A01,2026-05-31,17,5300,22300,1,0,0
A01,2026-05-31,18,3000,8900,1,0,0
A01,2026-05-31,19,2500,8800,1,0,0
A01,2026-05-31,20,1700,5700,1,0,0
A01,2026-06-01,9,1500,5000,1,0,0
A01,2026-06-01,10,2900,1200,1,0,0
A01,2026-06-01,11,2800,2800,1,0,0
A01,2026-06-01,12,2200,2800,1,0,0
A01,2026-06-01,13,1900,2800,1,0,0
A01,2026-06-01,14,1900,5200,1,0,0
A01,2026-06-01,15,1000,6800,1,0,0
A01,2026-06-01,16,1900,12400,1,0,0
A01,2026-06-01,17,1300,12400,1,0,0
A01,2026-06-01,18,3300,6100,1,0,0
A01,2026-06-01,19,2000,5700,1,0,0
A01,2026-06-01,20,2200,3500,1,0,0
A01,2026-06-02,9,3200,2400,1,0,0
A01,2026-06-02,10,5000,2500,1,0,0
A01,2026-06-02,11,2900,2000,1,0,0
A01,2026-06-02,12,2100,4800,1,0,0
A01,2026-06-02,13,2100,2000,1,0,0
A01,2026-06-02,14,3800,3500,1,0,0
A01,2026-06-02,15,1100,6500,1,0,0
A01,2026-06-02,16,1200,7800,1,0,0
A01,2026-06-02,17,1400,9500,1,0,0
A01,2026-06-02,18,1600,8900,1,0,0
A01,2026-06-02,19,2100,5600,1,0,0
A01,2026-06-02,20,2500,2700,1,0,0
A01,2026-06-03,9,3800,2200,1,0,1
A01,2026-06-03,10,5500,5300,1,0,1
A01,2026-06-03,11,6200,2400,1,0,1
A01,2026-06-03,12,3200,4000,1,0,1
A01,2026-06-03,13,6000,4200,1,0,1
A01,2026-06-03,14,2700,6400,1,0,1
A01,2026-06-03,15,2100,12000,1,0,1
A01,2026-06-03,16,2300,19600,1,0,1
A01,2026-06-03,17,1900,19800,1,0,1
A01,2026-06-03,18,2100,18300,1,0,1
A01,2026-06-03,19,2400,14500,1,0,1
A01,2026-06-03,20,3300,12400,1,0,1
A02,2026-01-01,9,2100,2500,1,0,0
A02,2026-01-01,10,2300,4200,1,0,0
A02,2026-01-01,11,7000,5200,1,0,0
A02,2026-01-01,12,3000,5600,1,0,0
A02,2026-01-01,13,6700,4000,1,0,0
A02,2026-01-01,14,3500,3000,1,0,0
A02,2026-01-01,15,6300,7300,1,0,0
A02,2026-01-01,16,1600,13400,1,0,0
A02,2026-01-01,17,2200,18800,1,0,0
A02,2026-01-01,18,700,7300,1,0,0
A02,2026-01-01,19,5500,4600,1,0,0
A02,2026-01-01,20,5500,6400,1,0,0
A02,2026-01-02,9,8100,2800,1,1,0
A02,2026-01-02,10,4800,4500,1,1,0
A02,2026-01-02,11,4400,5000,1,1,0
A02,2026-01-02,12,4900,4300,1,1,0
A02,2026-01-02,13,9900,3100,1,1,0
A02,2026-01-02,14,4600,9900,1,1,0
A02,2026-01-02,15,3200,5000,1,1,0
A02,2026-01-02,16,3200,8800,1,1,0
A02,2026-01-02,17,3400,9400,1,1,0
A02,2026-01-02,18,2500,8900,1,1,0
A02,2026-01-02,19,2500,12100,1,1,0
A02,2026-01-02,20,3800,5200,1,1,0
A02,2026-01-03,9,3000,2200,1,1,0
A02,2026-01-03,10,6100,3000,1,1,0
A02,2026-01-03,11,5100,4900,1,1,0
A02,2026-01-03,12,4300,2900,1,1,0
A02,2026-01-03,13,3600,7700,1,1,0
A02,2026-01-03,14,5500,1700,1,1,0
A02,2026-01-03,15,800,7400,1,1,0
A02,2026-01-03,16,4400,3400,1,1,0
A02,2026-01-03,17,3000,6900,1,1,0
A02,2026-01-03,18,3300,14000,1,1,0
A02,2026-01-03,19,1500,3900,1,1,0
A02,2026-01-03,20,4000,2900,1,1,0
A02,2026-01-04,9,3200,3500,1,0,0
A02,2026-01-04,10,3600,3400,1,0,0
A02,2026-01-04,11,1700,5200,1,0,0
A02,2026-01-04,12,2100,3100,1,0,0
A02,2026-01-04,13,3900,5500,1,0,0
A02,2026-01-04,14,3200,5500,1,0,0
A02,2026-01-04,15,1300,3400,1,0,0
A02,2026-01-04,16,5300,6700,1,0,0
A02,2026-01-04,17,1200,7200,1,0,0
A02,2026-01-04,18,1400,5900,1,0,0
A02,2026-01-04,19,5200,7500,1,0,0
A02,2026-01-04,20,1800,5700,1,0,0
A02,2026-01-05,9,3900,2300,1,0,0
A02,2026-01-05,10,4200,4600,1,0,0
A02,2026-01-05,11,2500,2600,1,0,0
A02,2026-01-05,12,2700,3000,1,0,0
A02,2026-01-05,13,1700,4300,1,0,0
A02,2026-01-05,14,3000,4600,1,0,0
A02,2026-01-05,15,2200,7300,1,0,0
A02,2026-01-05,16,4300,8100,1,0,0
A02,2026-01-05,17,3000,10000,1,0,0
A02,2026-01-05,18,1600,7700,1,0,0
A02,2026-01-05,19,2200,10600,1,0,0
A02,2026-01-05,20,1500,5700,1,0,0
A02,2026-01-06,9,5800,2400,0,0,0
A02,2026-01-06,10,3400,3000,0,0,0
A02,2026-01-06,11,2300,1900,0,0,0
A02,2026-01-06,12,2600,2100,0,0,0
A02,2026-01-06,13,2200,2500,0,0,0
A02,2026-01-06,14,2500,4700,0,0,0
A02,2026-01-06,15,2500,4000,0,0,0
A02,2026-01-06,16,4500,3600,0,0,0
A02,2026-01-06,17,2100,16100,0,0,0
A02,2026-01-06,18,1700,3400,0,0,0
A02,2026-01-06,19,3200,3800,0,0,0
A02,2026-01-06,20,2900,3200,0,0,0
A02,2026-01-07,9,7200,2200,0,0,0
A02,2026-01-07,10,5600,4000,0,0,0
A02,2026-01-07,11,3200,1800,0,0,0
A02,2026-01-07,12,4600,1400,0,0,0
A02,2026-01-07,13,2400,2300,0,0,0
A02,2026-01-07,14,3900,1200,0,0,0
A02,2026-01-07,15,4500,5000,0,0,0
A02,2026-01-07,16,1500,11400,0,0,0
A02,2026-01-07,17,2300,12000,0,0,0
A02,2026-01-07,18,1900,6600,0,0,0
A02,2026-01-07,19,2200,3500,0,0,0
A02,2026-01-07,20,3900,4400,0,0,0
A02,2026-01-08,9,2100,3000,0,0,0
A02,2026-01-08,10,5600,4200,0,0,0
A02,2026-01-08,11,6500,2500,0,0,0
A02,2026-01-08,12,4800,7200,0,0,0
A02,2026-01-08,13,2500,5100,0,0,0
A02,2026-01-08,14,4300,2500,0,0,0
A02,2026-01-08,15,4100,8700,0,0,0
A02,2026-01-08,16,3300,9900,0,0,0
A02,2026-01-08,17,2700,4100,0,0,0
A02,2026-01-08,18,3200,5700,0,0,0
A02,2026-01-08,19,3200,6900,0,0,0
A02,2026-01-08,20,2900,3800,0,0,0
A02,2026-01-09,9,2900,2700,0,1,0
A02,2026-01-09,10,9200,1700,0,1,0
A02,2026-01-09,11,3100,2300,0,1,0
A02,2026-01-09,12,2900,2600,0,1,0
A02,2026-01-09,13,7300,1900,0,1,0
A02,2026-01-09,14,3200,3500,0,1,0
A02,2026-01-09,15,2300,1900,0,1,0
A02,2026-01-09,16,1600,6500,0,1,0
A02,2026-01-09,17,2600,5300,0,1,0
A02,2026-01-09,18,2600,5000,0,1,0
A02,2026-01-09,19,2000,4700,0,1,0
A02,2026-01-09,20,2100,1300,0,1,0
A02,2026-01-10,9,2700,4200,0,1,0
A02,2026-01-10,10,6100,2100,0,1,0
A02,2026-01-10,11,10600,1200,0,1,0
A02,2026-01-10,12,3200,2400,0,1,0
A02,2026-01-10,13,5100,1700,0,1,0
A02,2026-01-10,14,3500,4100,0,1,0
A02,2026-01-10,15,7200,2100,0,1,0
A02,2026-01-10,16,2400,6700,0,1,0
A02,2026-01-10,17,4000,5000,0,1,0
A02,2026-01-10,18,3500,7500,0,1,0
A02,2026-01-10,19,6100,9600,0,1,0
A02,2026-01-10,20,3500,3000,0,1,0
A02,2026-01-11,9,3100,2900,0,0,1
A02,2026-01-11,10,3100,3000,0,0,1
A02,2026-01-11,11,6100,3300,0,0,1
A02,2026-01-11,12,7300,3000,0,0,1
A02,2026-01-11,13,2800,2300,0,0,1
A02,2026-01-11,14,1600,1600,0,0,1
A02,2026-01-11,15,3800,8300,0,0,1
A02,2026-01-11,16,3100,10700,0,0,1
A02,2026-01-11,17,1700,10200,0,0,1
A02,2026-01-11,18,2700,5300,0,0,1
A02,2026-01-11,19,2500,4800,0,0,1
A02,2026-01-11,20,2600,8400,0,0,1
A02,2026-01-12,9,5500,1000,0,0,0
A02,2026-01-12,10,3900,1000,0,0,0
A02,2026-01-12,11,4500,1100,0,0,0
A02,2026-01-12,12,1800,2800,0,0,0
A02,2026-01-12,13,4400,1300,0,0,0
A02,2026-01-12,14,2300,3500,0,0,0
A02,2026-01-12,15,2600,2200,0,0,0
A02,2026-01-12,16,1700,4100,0,0,0
A02,2026-01-12,17,700,7700,0,0,0
A02,2026-01-12,18,2100,7400,0,0,0
A02,2026-01-12,19,1700,3900,0,0,0
A02,2026-01-12,20,1800,2200,0,0,0
A02,2026-01-13,9,2700,1200,0,0,0
A02,2026-01-13,10,6500,4000,0,0,0
A02,2026-01-13,11,6400,2500,0,0,0
A02,2026-01-13,12,2400,1100,0,0,0
A02,2026-01-13,13,1900,5000,0,0,0
A02,2026-01-13,14,3600,2500,0,0,0
A02,2026-01-13,15,2300,5800,0,0,0
A02,2026-01-13,16,1300,6900,0,0,0
A02,2026-01-13,17,5300,8400,0,0,0
A02,2026-01-13,18,3900,7500,0,0,0
A02,2026-01-13,19,3800,7000,0,0,0
A02,2026-01-13,20,2400,900,0,0,0
A02,2026-01-14,9,5200,900,0,0,0
A02,2026-01-14,10,3800,2600,0,0,0
A02,2026-01-14,11,4100,2600,0,0,0
A02,2026-01-14,12,3400,2500,0,0,0
A02,2026-01-14,13,4400,2700,0,0,0
A02,2026-01-14,14,2700,2600,0,0,0
A02,2026-01-14,15,2600,5600,0,0,0
A02,2026-01-14,16,2600,2300,0,0,0
A02,2026-01-14,17,2200,4400,0,0,0
A02,2026-01-14,18,3400,11200,0,0,0
A02,2026-01-14,19,5100,4700,0,0,0
A02,2026-01-14,20,3000,2200,0,0,0
A02,2026-01-15,9,4400,3200,0,0,0
A02,2026-01-15,10,5400,1000,0,0,0
A02,2026-01-15,11,8500,1300,0,0,0
A02,2026-01-15,12,5800,2800,0,0,0
A02,2026-01-15,13,2800,3500,0,0,0
A02,2026-01-15,14,3700,3500,0,0,0
A02,2026-01-15,15,1300,1800,0,0,0
A02,2026-01-15,16,1600,3300,0,0,0
A02,2026-01-15,17,1500,9600,0,0,0
A02,2026-01-15,18,3100,3500,0,0,0
A02,2026-01-15,19,2300,2900,0,0,0
A02,2026-01-15,20,3500,3200,0,0,0
A02,2026-01-16,9,5700,1900,0,1,0
A02,2026-01-16,10,9200,2200,0,1,0
A02,2026-01-16,11,9000,1600,0,1,0
A02,2026-01-16,12,7700,3300,0,1,0
A02,2026-01-16,13,7300,3100,0,1,0
A02,2026-01-16,14,3500,2800,0,1,0
A02,2026-01-16,15,5600,6000,0,1,0
A02,2026-01-16,16,2600,5200,0,1,0
A02,2026-01-16,17,3700,7300,0,1,0
A02,2026-01-16,18,4900,7700,0,1,0
A02,2026-01-16,19,3800,5000,0,1,0
A02,2026-01-16,20,3300,3200,0,1,0
A02,2026-01-17,9,4400,2900,0,1,0
A02,2026-01-17,10,4000,1300,0,1,0
A02,2026-01-17,11,7200,2100,0,1,0
A02,2026-01-17,12,3700,5200,0,1,0
A02,2026-01-17,13,4400,2800,0,1,0
A02,2026-01-17,14,4000,10500,0,1,0
A02,2026-01-17,15,6100,5200,0,1,0
A02,2026-01-17,16,2700,3900,0,1,0
A02,2026-01-17,17,3900,8400,0,1,0
A02,2026-01-17,18,6400,5700,0,1,0
A02,2026-01-17,19,5800,3600,0,1,0
A02,2026-01-17,20,3800,2900,0,1,0
A02,2026-01-18,9,4800,2400,0,0,1
A02,2026-01-18,10,3500,2100,0,0,1
A02,2026-01-18,11,6400,3000,0,0,1
A02,2026-01-18,12,9000,2800,0,0,1
A02,2026-01-18,13,3100,3100,0,0,1
A02,2026-01-18,14,4200,2900,0,0,1
A02,2026-01-18,15,4400,9600,0,0,1
A02,2026-01-18,16,3500,15500,0,0,1
A02,2026-01-18,17,3700,20100,0,0,1
A02,2026-01-18,18,2500,15800,0,0,1
A02,2026-01-18,19,4400,12000,0,0,1
A02,2026-01-18,20,3000,3500,0,0,1
A02,2026-01-19,9,3200,2000,0,0,0
A02,2026-01-19,10,2200,2400,0,0,0
A02,2026-01-19,11,2600,1900,0,0,0
A02,2026-01-19,12,2700,2700,0,0,0
A02,2026-01-19,13,1500,2300,0,0,0
A02,2026-01-19,14,3100,2500,0,0,0
A02,2026-01-19,15,4500,3300,0,0,0
A02,2026-01-19,16,1900,6700,0,0,0
A02,2026-01-19,17,2900,4700,0,0,0
A02,2026-01-19,18,2100,13100,0,0,0
A02,2026-01-19,19,2600,3000,0,0,0
A02,2026-01-19,20,1500,1200,0,0,0
A02,2026-01-20,9,1900,1300,0,0,0
A02,2026-01-20,10,7500,2000,0,0,0
A02,2026-01-20,11,4300,3200,0,0,0
A02,2026-01-20,12,3100,1700,0,0,0
A02,2026-01-20,13,5100,1200,0,0,0
A02,2026-01-20,14,3800,2000,0,0,0
A02,2026-01-20,15,2600,2800,0,0,0
A02,2026-01-20,16,2900,6400,0,0,0
A02,2026-01-20,17,3700,4500,0,0,0
A02,2026-01-20,18,2400,6000,0,0,0
A02,2026-01-20,19,1800,4100,0,0,0
A02,2026-01-20,20,3600,3000,0,0,0
A02,2026-01-21,9,2900,2100,0,0,0
A02,2026-01-21,10,4100,2500,0,0,0
A02,2026-01-21,11,2600,2300,0,0,0
A02,2026-01-21,12,3500,1200,0,0,0
A02,2026-01-21,13,5100,4800,0,0,0
A02,2026-01-21,14,4000,2000,0,0,0
A02,2026-01-21,15,3200,3700,0,0,0
A02,2026-01-21,16,1900,2600,0,0,0
A02,2026-01-21,17,1300,7600,0,0,0
A02,2026-01-21,18,2000,5200,0,0,0
A02,2026-01-21,19,2600,1600,0,0,0
A02,2026-01-21,20,1600,6800,0,0,0
A02,2026-01-22,9,2000,3500,0,0,0
A02,2026-01-22,10,2500,1500,0,0,0
A02,2026-01-22,11,7400,3400,0,0,0
A02,2026-01-22,12,2900,1900,0,0,0
A02,2026-01-22,13,1600,2800,0,0,0
A02,2026-01-22,14,3300,2000,0,0,0
A02,2026-01-22,15,1900,2300,0,0,0
A02,2026-01-22,16,1400,4400,0,0,0
A02,2026-01-22,17,3600,6200,0,0,0
A02,2026-01-22,18,3300,4500,0,0,0
A02,2026-01-22,19,2700,3800,0,0,0
A02,2026-01-22,20,2100,1900,0,0,0
A02,2026-01-23,9,7500,1500,0,1,0
A02,2026-01-23,10,11400,1100,0,1,0
A02,2026-01-23,11,3300,1400,0,1,0
A02,2026-01-23,12,5600,4400,0,1,0
A02,2026-01-23,13,5700,2600,0,1,0
A02,2026-01-23,14,4200,2700,0,1,0
A02,2026-01-23,15,3600,3100,0,1,0
A02,2026-01-23,16,4800,6200,0,1,0
A02,2026-01-23,17,2500,4300,0,1,0
A02,2026-01-23,18,3200,6700,0,1,0
A02,2026-01-23,19,4000,6000,0,1,0
A02,2026-01-23,20,3100,3100,0,1,0
A02,2026-01-24,9,3800,3900,0,1,0
A02,2026-01-24,10,10600,3800,0,1,0
A02,2026-01-24,11,4400,3200,0,1,0
A02,2026-01-24,12,7000,1400,0,1,0
A02,2026-01-24,13,4000,3100,0,1,0
A02,2026-01-24,14,4000,4300,0,1,0
A02,2026-01-24,15,2400,4200,0,1,0
A02,2026-01-24,16,4300,3800,0,1,0
A02,2026-01-24,17,4800,5800,0,1,0
A02,2026-01-24,18,6000,5300,0,1,0
A02,2026-01-24,19,5000,3800,0,1,0
A02,2026-01-24,20,3200,6700,0,1,0
A02,2026-01-25,9,2500,1800,0,0,0
A02,2026-01-25,10,6300,5900,0,0,0
A02,2026-01-25,11,1800,2800,0,0,0
A02,2026-01-25,12,7100,1300,0,0,0
A02,2026-01-25,13,4000,4800,0,0,0
A02,2026-01-25,14,5200,3500,0,0,0
A02,2026-01-25,15,2300,2500,0,0,0
A02,2026-01-25,16,3900,6500,0,0,0
A02,2026-01-25,17,2900,8600,0,0,0
A02,2026-01-25,18,1400,6600,0,0,0
A02,2026-01-25,19,2800,3300,0,0,0
A02,2026-01-25,20,2700,3400,0,0,0
A02,2026-01-26,9,4800,2900,0,0,0
A02,2026-01-26,10,3400,1700,0,0,0
A02,2026-01-26,11,10500,3000,0,0,0
A02,2026-01-26,12,3300,4900,0,0,0
A02,2026-01-26,13,2600,2200,0,0,0
A02,2026-01-26,14,1900,3100,0,0,0
A02,2026-01-26,15,4700,7400,0,0,0
A02,2026-01-26,16,1500,4100,0,0,0
A02,2026-01-26,17,2100,4600,0,0,0
A02,2026-01-26,18,1100,17200,0,0,0
A02,2026-01-26,19,2100,2600,0,0,0
A02,2026-01-26,20,1200,1400,0,0,0
A02,2026-01-27,9,3200,2300,0,0,0
A02,2026-01-27,10,3100,1700,0,0,0
A02,2026-01-27,11,3600,2000,0,0,0
A02,2026-01-27,12,2900,3600,0,0,0
A02,2026-01-27,13,5700,2400,0,0,0
A02,2026-01-27,14,4000,4200,0,0,0
A02,2026-01-27,15,2100,6400,0,0,0
A02,2026-01-27,16,2000,3000,0,0,0
A02,2026-01-27,17,2200,7900,0,0,0
A02,2026-01-27,18,2900,5400,0,0,0
A02,2026-01-27,19,2200,4100,0,0,0
A02,2026-01-27,20,3800,2800,0,0,0
A02,2026-01-28,9,7500,4500,1,0,0
A02,2026-01-28,10,4900,6200,1,0,0
A02,2026-01-28,11,3800,4600,1,0,0
A02,2026-01-28,12,7800,9700,1,0,0
A02,2026-01-28,13,4700,7100,1,0,0
A02,2026-01-28,14,4700,10500,1,0,0
A02,2026-01-28,15,4100,9400,1,0,0
A02,2026-01-28,16,1800,8900,1,0,0
A02,2026-01-28,17,2200,8000,1,0,0
A02,2026-01-28,18,2400,9300,1,0,0
A02,2026-01-28,19,4600,6200,1,0,0
A02,2026-01-28,20,1800,3500,1,0,0
A02,2026-01-29,9,2600,3100,1,0,0
A02,2026-01-29,10,3700,4100,1,0,0
A02,2026-01-29,11,9400,2300,1,0,0
A02,2026-01-29,12,5100,6300,1,0,0
A02,2026-01-29,13,4300,3300,1,0,0
A02,2026-01-29,14,2600,6200,1,0,0
A02,2026-01-29,15,2500,10100,1,0,0
A02,2026-01-29,16,3100,12200,1,0,0
A02,2026-01-29,17,2400,14800,1,0,0
A02,2026-01-29,18,4100,10100,1,0,0
A02,2026-01-29,19,1500,9500,1,0,0
A02,2026-01-29,20,3800,4000,1,0,0
A02,2026-01-30,9,3500,5100,1,1,0
A02,2026-01-30,10,12200,6200,1,1,0
A02,2026-01-30,11,6600,5000,1,1,0
A02,2026-01-30,12,8800,7500,1,1,0
A02,2026-01-30,13,4100,4800,1,1,0
A02,2026-01-30,14,6100,2900,1,1,0
A02,2026-01-30,15,12200,19700,1,1,0
A02,2026-01-30,16,9200,16000,1,1,0
A02,2026-01-30,17,4700,8600,1,1,0
A02,2026-01-30,18,7200,10200,1,1,0
A02,2026-01-30,19,4000,11300,1,1,0
A02,2026-01-30,20,3500,9600,1,1,0
A02,2026-01-31,9,3800,5900,1,1,0
A02,2026-01-31,10,15000,5700,1,1,0
A02,2026-01-31,11,3900,7100,1,1,0
A02,2026-01-31,12,13900,3300,1,1,0
A02,2026-01-31,13,5500,8600,1,1,0
A02,2026-01-31,14,4700,10000,1,1,0
A02,2026-01-31,15,6900,7700,1,1,0
A02,2026-01-31,16,2700,10400,1,1,0
A02,2026-01-31,17,4700,11600,1,1,0
A02,2026-01-31,18,3100,22100,1,1,0
A02,2026-01-31,19,3800,5000,1,1,0
A02,2026-01-31,20,5600,8300,1,1,0
A02,2026-02-01,9,2800,5600,1,0,0
A02,2026-02-01,10,2800,3400,1,0,0
A02,2026-02-01,11,4200,3900,1,0,0
A02,2026-02-01,12,4300,6100,1,0,0
A02,2026-02-01,13,3200,4800,1,0,0
A02,2026-02-01,14,2700,2600,1,0,0
A02,2026-02-01,15,2300,6400,1,0,0
A02,2026-02-01,16,1800,10000,1,0,0
A02,2026-02-01,17,2700,15800,1,0,0
A02,2026-02-01,18,2800,13100,1,0,0
A02,2026-02-01,19,2000,3800,1,0,0
A02,2026-02-01,20,2000,5700,1,0,0
A02,2026-02-02,9,3100,4900,1,0,0
A02,2026-02-02,10,4800,5400,1,0,0
A02,2026-02-02,11,3800,6500,1,0,0
A02,2026-02-02,12,4500,3500,1,0,0
A02,2026-02-02,13,3400,2200,1,0,0
A02,2026-02-02,14,2500,4700,1,0,0
A02,2026-02-02,15,2100,10600,1,0,0
A02,2026-02-02,16,1700,10900,1,0,0
A02,2026-02-02,17,1700,7400,1,0,0
A02,2026-02-02,18,1700,4700,1,0,0
A02,2026-02-02,19,2800,9600,1,0,0
A02,2026-02-02,20,1600,5500,1,0,0
A02,2026-02-03,9,4300,1400,1,0,0
A02,2026-02-03,10,4600,3400,1,0,0
A02,2026-02-03,11,2400,3500,1,0,0
A02,2026-02-03,12,6900,6100,1,0,0
A02,2026-02-03,13,3000,2300,1,0,0
A02,2026-02-03,14,4900,3800,1,0,0
A02,2026-02-03,15,1300,17800,1,0,0
A02,2026-02-03,16,3600,5600,1,0,0
A02,2026-02-03,17,800,8600,1,0,0
A02,2026-02-03,18,1600,10900,1,0,0
A02,2026-02-03,19,1900,5900,1,0,0
A02,2026-02-03,20,2200,5200,1,0,0
A02,2026-02-04,9,2300,3000,1,0,0
A02,2026-02-04,10,3800,4200,1,0,0
A02,2026-02-04,11,1900,2400,1,0,0
A02,2026-02-04,12,5200,5700,1,0,0
A02,2026-02-04,13,2900,9300,1,0,0
A02,2026-02-04,14,1500,5100,1,0,0
A02,2026-02-04,15,3900,8900,1,0,0
A02,2026-02-04,16,4200,10600,1,0,0
A02,2026-02-04,17,1700,7500,1,0,0
A02,2026-02-04,18,4500,9100,1,0,0
A02,2026-02-04,19,5100,4600,1,0,0
A02,2026-02-04,20,1600,3300,1,0,0
A02,2026-02-05,9,7200,5700,1,0,0
A02,2026-02-05,10,2000,6200,1,0,0
A02,2026-02-05,11,5700,6000,1,0,0
A02,2026-02-05,12,3500,4400,1,0,0
A02,2026-02-05,13,4200,3800,1,0,0
A02,2026-02-05,14,2800,10500,1,0,0
A02,2026-02-05,15,3700,6300,1,0,0
A02,2026-02-05,16,3000,15300,1,0,0
A02,2026-02-05,17,2100,17500,1,0,0
A02,2026-02-05,18,2500,6700,1,0,0
A02,2026-02-05,19,2800,4300,1,0,0
A02,2026-02-05,20,3200,9100,1,0,0
A02,2026-02-06,9,3900,2600,0,1,0
A02,2026-02-06,10,6300,3000,0,1,0
A02,2026-02-06,11,3800,1400,0,1,0
A02,2026-02-06,12,4000,2500,0,1,0
A02,2026-02-06,13,3900,3800,0,1,0
A02,2026-02-06,14,5600,3000,0,1,0
A02,2026-02-06,15,1900,4100,0,1,0
A02,2026-02-06,16,3900,2500,0,1,0
A02,2026-02-06,17,4300,5500,0,1,0
A02,2026-02-06,18,4400,5400,0,1,0
A02,2026-02-06,19,6200,6800,0,1,0
A02,2026-02-06,20,3000,4100,0,1,0
A02,2026-02-07,9,5000,2000,0,1,0
A02,2026-02-07,10,8400,3000,0,1,0
A02,2026-02-07,11,8700,5200,0,1,0
A02,2026-02-07,12,9300,3500,0,1,0
A02,2026-02-07,13,5100,1300,0,1,0
A02,2026-02-07,14,5800,7400,0,1,0
A02,2026-02-07,15,4800,4400,0,1,0
A02,2026-02-07,16,1800,9700,0,1,0
A02,2026-02-07,17,4600,6400,0,1,0
A02,2026-02-07,18,9700,8700,0,1,0
A02,2026-02-07,19,3600,3500,0,1,0
A02,2026-02-07,20,4400,6000,0,1,0
A02,2026-02-08,9,6000,4000,0,0,0
A02,2026-02-08,10,7500,3700,0,0,0
A02,2026-02-08,11,4200,2900,0,0,0
A02,2026-02-08,12,13800,2600,0,0,0
A02,2026-02-08,13,6200,2800,0,0,0
A02,2026-02-08,14,2000,3300,0,0,0
A02,2026-02-08,15,3100,2400,0,0,0
A02,2026-02-08,16,5500,11400,0,0,0
A02,2026-02-08,17,5600,12000,0,0,0
A02,2026-02-08,18,3500,6300,0,0,0
A02,2026-02-08,19,5700,3500,0,0,0
A02,2026-02-08,20,3500,4600,0,0,0
A02,2026-02-09,9,6100,3000,0,0,1
A02,2026-02-09,10,5800,5300,0,0,1
A02,2026-02-09,11,5500,1900,0,0,1
A02,2026-02-09,12,2300,1700,0,0,1
A02,2026-02-09,13,6300,3700,0,0,1
A02,2026-02-09,14,2800,3300,0,0,1
A02,2026-02-09,15,6600,9800,0,0,1
A02,2026-02-09,16,3600,15600,0,0,1
A02,2026-02-09,17,3000,10200,0,0,1
A02,2026-02-09,18,5900,9900,0,0,1
A02,2026-02-09,19,3600,5500,0,0,1
A02,2026-02-09,20,5100,5800,0,0,1
A02,2026-02-10,9,2300,2300,0,0,0
A02,2026-02-10,10,5100,2300,0,0,0
A02,2026-02-10,11,2600,2000,0,0,0
A02,2026-02-10,12,3700,2700,0,0,0
A02,2026-02-10,13,2100,3100,0,0,0
A02,2026-02-10,14,1900,3100,0,0,0
A02,2026-02-10,15,2300,2900,0,0,0
A02,2026-02-10,16,2600,4300,0,0,0
A02,2026-02-10,17,2600,3200,0,0,0
A02,2026-02-10,18,4300,5800,0,0,0
A02,2026-02-10,19,1100,8300,0,0,0
A02,2026-02-10,20,2100,1900,0,0,0
A02,2026-02-11,9,2000,1700,0,0,0
A02,2026-02-11,10,6800,2100,0,0,0
A02,2026-02-11,11,2600,1900,0,0,0
A02,2026-02-11,12,4500,1500,0,0,0
A02,2026-02-11,13,4400,1700,0,0,0
A02,2026-02-11,14,2200,3400,0,0,0
A02,2026-02-11,15,1700,6700,0,0,0
A02,2026-02-11,16,2200,6700,0,0,0
A02,2026-02-11,17,2600,8300,0,0,0
A02,2026-02-11,18,4100,4800,0,0,0
A02,2026-02-11,19,1100,5400,0,0,0
A02,2026-02-11,20,2400,3300,0,0,0
A02,2026-02-12,9,5300,3800,0,0,0
A02,2026-02-12,10,4500,2600,0,0,0
A02,2026-02-12,11,3400,2600,0,0,0
A02,2026-02-12,12,5500,2500,0,0,0
A02,2026-02-12,13,3900,3700,0,0,0
A02,2026-02-12,14,5600,6100,0,0,0
A02,2026-02-12,15,2500,4400,0,0,0
A02,2026-02-12,16,3200,6100,0,0,0
A02,2026-02-12,17,2900,6100,0,0,0
A02,2026-02-12,18,5100,4600,0,0,0
A02,2026-02-12,19,6300,7800,0,0,0
A02,2026-02-12,20,9700,4600,0,0,0
A02,2026-02-13,9,3700,1200,0,1,0
A02,2026-02-13,10,6800,3000,0,1,0
A02,2026-02-13,11,4900,800,0,1,0
A02,2026-02-13,12,8800,1600,0,1,0
A02,2026-02-13,13,3300,1500,0,1,0
A02,2026-02-13,14,7300,3700,0,1,0
A02,2026-02-13,15,2300,2700,0,1,0
A02,2026-02-13,16,3600,4700,0,1,0
A02,2026-02-13,17,4800,6300,0,1,0
A02,2026-02-13,18,3200,4300,0,1,0
A02,2026-02-13,19,2800,2500,0,1,0
A02,2026-02-13,20,3500,2400,0,1,0
A02,2026-02-14,9,5900,1700,0,1,0
A02,2026-02-14,10,6100,2700,0,1,0
A02,2026-02-14,11,4300,2100,0,1,0
A02,2026-02-14,12,4700,2800,0,1,0
A02,2026-02-14,13,5800,4400,0,1,0
A02,2026-02-14,14,5100,1500,0,1,0
A02,2026-02-14,15,2000,7700,0,1,0
A02,2026-02-14,16,3000,8600,0,1,0
A02,2026-02-14,17,4300,6900,0,1,0
A02,2026-02-14,18,1600,6300,0,1,0
A02,2026-02-14,19,2900,5200,0,1,0
A02,2026-02-14,20,4100,2300,0,1,0
A02,2026-02-15,9,7800,2600,0,0,0
A02,2026-02-15,10,5700,2300,0,0,0
A02,2026-02-15,11,4200,3200,0,0,0
A02,2026-02-15,12,4700,3400,0,0,0
A02,2026-02-15,13,6600,3800,0,0,0
A02,2026-02-15,14,3500,2300,0,0,0
A02,2026-02-15,15,3400,3800,0,0,0
A02,2026-02-15,16,3500,11300,0,0,0
A02,2026-02-15,17,3400,9600,0,0,0
A02,2026-02-15,18,3000,5300,0,0,0
A02,2026-02-15,19,2100,4400,0,0,0
A02,2026-02-15,20,1600,2000,0,0,0
A02,2026-02-16,9,3100,1900,0,0,0
A02,2026-02-16,10,3700,1600,0,0,0
A02,2026-02-16,11,3300,2400,0,0,0
A02,2026-02-16,12,10900,5000,0,0,0
A02,2026-02-16,13,3300,4400,0,0,0
A02,2026-02-16,14,5100,3800,0,0,0
A02,2026-02-16,15,3800,4200,0,0,0
A02,2026-02-16,16,2000,7400,0,0,0
A02,2026-02-16,17,2200,8800,0,0,0
A02,2026-02-16,18,3000,5400,0,0,0
A02,2026-02-16,19,4900,4700,0,0,0
A02,2026-02-16,20,2900,5800,0,0,0
A02,2026-02-17,9,2600,3900,0,0,0
A02,2026-02-17,10,8700,3000,0,0,0
A02,2026-02-17,11,4700,2500,0,0,0
A02,2026-02-17,12,2000,1700,0,0,0
A02,2026-02-17,13,2900,1100,0,0,0
A02,2026-02-17,14,2200,2300,0,0,0
A02,2026-02-17,15,3300,2700,0,0,0
A02,2026-02-17,16,3500,3300,0,0,0
A02,2026-02-17,17,3000,4300,0,0,0
A02,2026-02-17,18,2800,2900,0,0,0
A02,2026-02-17,19,2700,8500,0,0,0
A02,2026-02-17,20,3200,2800,0,0,0
A02,2026-02-18,9,3400,2900,0,0,0
A02,2026-02-18,10,3400,2200,0,0,0
A02,2026-02-18,11,7400,700,0,0,0
A02,2026-02-18,12,5000,2300,0,0,0
A02,2026-02-18,13,2700,1700,0,0,0
A02,2026-02-18,14,1600,2500,0,0,0
A02,2026-02-18,15,1800,5400,0,0,0
A02,2026-02-18,16,2500,6900,0,0,0
A02,2026-02-18,17,3900,3300,0,0,0
A02,2026-02-18,18,1700,4100,0,0,0
A02,2026-02-18,19,1100,2900,0,0,0
A02,2026-02-18,20,3200,4400,0,0,0
A02,2026-02-19,9,3400,1000,0,0,0
A02,2026-02-19,10,2400,2100,0,0,0
A02,2026-02-19,11,5500,2100,0,0,0
A02,2026-02-19,12,5100,2400,0,0,0
A02,2026-02-19,13,4700,3800,0,0,0
A02,2026-02-19,14,1800,2700,0,0,0
A02,2026-02-19,15,4100,3200,0,0,0
A02,2026-02-19,16,3100,4600,0,0,0
A02,2026-02-19,17,2200,9700,0,0,0
A02,2026-02-19,18,4400,11400,0,0,0
A02,2026-02-19,19,1900,5600,0,0,0
A02,2026-02-19,20,2600,2000,0,0,0
A02,2026-02-20,9,4200,3000,0,1,0
A02,2026-02-20,10,6600,1700,0,1,0
A02,2026-02-20,11,11300,2100,0,1,0
A02,2026-02-20,12,22500,1900,0,1,0
A02,2026-02-20,13,7000,4700,0,1,0
A02,2026-02-20,14,3500,4400,0,1,0
A02,2026-02-20,15,3600,4200,0,1,0
A02,2026-02-20,16,3000,5300,0,1,0
A02,2026-02-20,17,3700,5200,0,1,0
A02,2026-02-20,18,3500,7000,0,1,0
A02,2026-02-20,19,3700,7800,0,1,0
A02,2026-02-20,20,4300,6600,0,1,0
A02,2026-02-21,9,6400,1800,0,1,0
A02,2026-02-21,10,4800,2500,0,1,0
A02,2026-02-21,11,5500,2300,0,1,0
A02,2026-02-21,12,4400,1100,0,1,0
A02,2026-02-21,13,3000,2300,0,1,0
A02,2026-02-21,14,2300,3000,0,1,0
A02,2026-02-21,15,2100,4400,0,1,0
A02,2026-02-21,16,1300,6300,0,1,0
A02,2026-02-21,17,3200,2900,0,1,0
A02,2026-02-21,18,4000,7800,0,1,0
A02,2026-02-21,19,2300,1900,0,1,0
A02,2026-02-21,20,2200,1600,0,1,0
A02,2026-02-22,9,4500,1700,0,0,0
A02,2026-02-22,10,4600,5800,0,0,0
A02,2026-02-22,11,2900,4300,0,0,0
A02,2026-02-22,12,5300,3300,0,0,0
A02,2026-02-22,13,4000,3500,0,0,0
A02,2026-02-22,14,4500,4600,0,0,0
A02,2026-02-22,15,1600,6000,0,0,0
A02,2026-02-22,16,2600,5900,0,0,0
A02,2026-02-22,17,3600,8500,0,0,0
A02,2026-02-22,18,2500,8800,0,0,0
A02,2026-02-22,19,3700,2900,0,0,0
A02,2026-02-22,20,4100,3300,0,0,0
A02,2026-02-23,9,3400,1700,0,0,0
A02,2026-02-23,10,4800,2300,0,0,0
A02,2026-02-23,11,3700,2000,0,0,0
A02,2026-02-23,12,2800,1300,0,0,0
A02,2026-02-23,13,6600,2500,0,0,0
A02,2026-02-23,14,3400,2400,0,0,0
A02,2026-02-23,15,4400,3100,0,0,0
A02,2026-02-23,16,4000,5700,0,0,0
A02,2026-02-23,17,2100,6600,0,0,0
A02,2026-02-23,18,2700,3500,0,0,0
A02,2026-02-23,19,3400,1400,0,0,0
A02,2026-02-23,20,2600,2700,0,0,0
A02,2026-02-24,9,2200,4000,0,0,0
A02,2026-02-24,10,5000,4000,0,0,0
A02,2026-02-24,11,3000,2200,0,0,0
A02,2026-02-24,12,6400,3200,0,0,0
A02,2026-02-24,13,2700,2500,0,0,0
A02,2026-02-24,14,3000,3700,0,0,0
A02,2026-02-24,15,4600,6700,0,0,0
A02,2026-02-24,16,1400,4600,0,0,0
A02,2026-02-24,17,5300,5100,0,0,0
A02,2026-02-24,18,5200,3700,0,0,0
A02,2026-02-24,19,2500,5600,0,0,0
A02,2026-02-24,20,2200,5100,0,0,0
A02,2026-02-25,9,3100,3100,0,0,0
A02,2026-02-25,10,2600,2900,0,0,0
A02,2026-02-25,11,5100,1400,0,0,0
A02,2026-02-25,12,2900,4500,0,0,0
A02,2026-02-25,13,3100,4400,0,0,0
A02,2026-02-25,14,3800,6400,0,0,0
A02,2026-02-25,15,2000,4400,0,0,0
A02,2026-02-25,16,2900,11700,0,0,0
A02,2026-02-25,17,4400,9900,0,0,0
A02,2026-02-25,18,1400,5900,0,0,0
A02,2026-02-25,19,3200,5200,0,0,0
A02,2026-02-25,20,6700,7500,0,0,0
A02,2026-02-26,9,2900,1800,0,0,0
A02,2026-02-26,10,3200,1900,0,0,0
A02,2026-02-26,11,5400,1300,0,0,0
A02,2026-02-26,12,2400,1600,0,0,0
A02,2026-02-26,13,2000,1800,0,0,0
A02,2026-02-26,14,3200,1900,0,0,0
A02,2026-02-26,15,2600,4200,0,0,0
A02,2026-02-26,16,4000,2600,0,0,0
A02,2026-02-26,17,3500,4300,0,0,0
A02,2026-02-26,18,3300,9700,0,0,0
A02,2026-02-26,19,2500,2300,0,0,0
A02,2026-02-26,20,2000,2100,0,0,0
A02,2026-02-27,9,3700,3500,0,1,0
A02,2026-02-27,10,4800,4500,0,1,0
A02,2026-02-27,11,3500,3100,0,1,0
A02,2026-02-27,12,4100,1600,0,1,0
A02,2026-02-27,13,2900,1900,0,1,0
A02,2026-02-27,14,6300,1500,0,1,0
A02,2026-02-27,15,3500,1900,0,1,0
A02,2026-02-27,16,3700,3700,0,1,0
A02,2026-02-27,17,3600,8400,0,1,0
A02,2026-02-27,18,2100,8300,0,1,0
A02,2026-02-27,19,3900,3100,0,1,0
A02,2026-02-27,20,5100,1500,0,1,0
A02,2026-02-28,9,3500,6200,1,1,0
A02,2026-02-28,10,7700,1600,1,1,0
A02,2026-02-28,11,8200,3300,1,1,0
A02,2026-02-28,12,7300,2300,1,1,0
A02,2026-02-28,13,4000,5300,1,1,0
A02,2026-02-28,14,7400,3700,1,1,0
A02,2026-02-28,15,4900,3200,1,1,0
A02,2026-02-28,16,5300,2900,1,1,0
A02,2026-02-28,17,2200,10900,1,1,0
A02,2026-02-28,18,5400,11100,1,1,0
A02,2026-02-28,19,1800,5500,1,1,0
A02,2026-02-28,20,3800,2600,1,1,0
A02,2026-03-01,9,4700,4400,1,0,0
A02,2026-03-01,10,3600,5900,1,0,0
A02,2026-03-01,11,5300,5100,1,0,0
A02,2026-03-01,12,8800,3500,1,0,0
A02,2026-03-01,13,5200,4900,1,0,0
A02,2026-03-01,14,5100,5900,1,0,0
A02,2026-03-01,15,3300,6400,1,0,0
A02,2026-03-01,16,3200,14300,1,0,0
A02,2026-03-01,17,6200,15500,1,0,0
A02,2026-03-01,18,3000,12000,1,0,0
A02,2026-03-01,19,3000,5500,1,0,0
A02,2026-03-01,20,2200,7300,1,0,0
A02,2026-03-02,9,2500,5800,1,0,0
A02,2026-03-02,10,3500,2400,1,0,0
A02,2026-03-02,11,3100,5400,1,0,0
A02,2026-03-02,12,5400,9100,1,0,0
A02,2026-03-02,13,5200,5300,1,0,0
A02,2026-03-02,14,2900,3000,1,0,0
A02,2026-03-02,15,4300,6400,1,0,0
A02,2026-03-02,16,4400,5400,1,0,0
A02,2026-03-02,17,1300,9700,1,0,0
A02,2026-03-02,18,1900,5800,1,0,0
A02,2026-03-02,19,2000,5500,1,0,0
A02,2026-03-02,20,2800,3300,1,0,0
A02,2026-03-03,9,4800,7500,1,0,0
A02,2026-03-03,10,4200,7900,1,0,0
A02,2026-03-03,11,7500,4000,1,0,0
A02,2026-03-03,12,5000,3900,1,0,0
A02,2026-03-03,13,7300,3100,1,0,0
A02,2026-03-03,14,2500,6600,1,0,0
A02,2026-03-03,15,2000,4500,1,0,0
A02,2026-03-03,16,2500,14600,1,0,0
A02,2026-03-03,17,2200,13900,1,0,0
A02,2026-03-03,18,1700,8000,1,0,0
A02,2026-03-03,19,3900,11500,1,0,0
A02,2026-03-03,20,2200,4800,1,0,0
A02,2026-03-04,9,2900,5400,1,0,1
A02,2026-03-04,10,4900,4600,1,0,1
A02,2026-03-04,11,6400,2700,1,0,1
A02,2026-03-04,12,3800,4900,1,0,1
A02,2026-03-04,13,3900,5000,1,0,1
A02,2026-03-04,14,3700,7500,1,0,1
A02,2026-03-04,15,2800,31800,1,0,1
A02,2026-03-04,16,2800,25200,1,0,1
A02,2026-03-04,17,2600,28900,1,0,1
A02,2026-03-04,18,2300,11600,1,0,1
A02,2026-03-04,19,5800,21400,1,0,1
A02,2026-03-04,20,1400,18300,1,0,1
A02,2026-03-05,9,3900,2800,1,0,0
A02,2026-03-05,10,5100,2300,1,0,0
A02,2026-03-05,11,7400,5800,1,0,0
A02,2026-03-05,12,2600,5100,1,0,0
A02,2026-03-05,13,3700,3800,1,0,0
A02,2026-03-05,14,2700,8400,1,0,0
A02,2026-03-05,15,4300,5400,1,0,0
A02,2026-03-05,16,1200,15100,1,0,0
A02,2026-03-05,17,2500,7900,1,0,0
A02,2026-03-05,18,1800,5700,1,0,0
A02,2026-03-05,19,1500,8000,1,0,0
A02,2026-03-05,20,1600,5200,1,0,0
A02,2026-03-06,9,3700,1500,0,1,0
A02,2026-03-06,10,3600,2500,0,1,0
A02,2026-03-06,11,1900,3000,0,1,0
A02,2026-03-06,12,2600,1800,0,1,0
A02,2026-03-06,13,2600,1700,0,1,0
A02,2026-03-06,14,2800,1200,0,1,0
A02,2026-03-06,15,4100,1900,0,1,0
A02,2026-03-06,16,2100,3400,0,1,0
A02,2026-03-06,17,2200,2300,0,1,0
A02,2026-03-06,18,3600,4700,0,1,0
A02,2026-03-06,19,1900,4500,0,1,0
A02,2026-03-06,20,2200,3200,0,1,0
A02,2026-03-07,9,2800,2200,0,1,0
A02,2026-03-07,10,7100,3400,0,1,0
A02,2026-03-07,11,2700,2000,0,1,0
A02,2026-03-07,12,3600,1300,0,1,0
A02,2026-03-07,13,2600,1800,0,1,0
A02,2026-03-07,14,3700,2500,0,1,0
A02,2026-03-07,15,1700,5700,0,1,0
A02,2026-03-07,16,1500,5600,0,1,0
A02,2026-03-07,17,1600,10500,0,1,0
A02,2026-03-07,18,1900,3400,0,1,0
A02,2026-03-07,19,1300,2300,0,1,0
A02,2026-03-07,20,2300,1200,0,1,0
A02,2026-03-08,9,3700,2100,0,0,0
A02,2026-03-08,10,2700,3300,0,0,0
A02,2026-03-08,11,5000,4200,0,0,0
A02,2026-03-08,12,5300,2000,0,0,0
A02,2026-03-08,13,3500,5500,0,0,0
A02,2026-03-08,14,2700,4200,0,0,0
A02,2026-03-08,15,1400,3400,0,0,0
A02,2026-03-08,16,1400,4600,0,0,0
A02,2026-03-08,17,1400,5900,0,0,0
A02,2026-03-08,18,3100,3800,0,0,0
A02,2026-03-08,19,2300,3800,0,0,0
A02,2026-03-08,20,3600,5400,0,0,0
A02,2026-03-09,9,6300,5200,0,0,0
A02,2026-03-09,10,5000,2200,0,0,0
A02,2026-03-09,11,7300,1700,0,0,0
A02,2026-03-09,12,8200,1800,0,0,0
A02,2026-03-09,13,3900,4100,0,0,0
A02,2026-03-09,14,2800,3700,0,0,0
A02,2026-03-09,15,3300,4200,0,0,0
A02,2026-03-09,16,5700,8100,0,0,0
A02,2026-03-09,17,4600,14300,0,0,0
A02,2026-03-09,18,2900,4700,0,0,0
A02,2026-03-09,19,3200,1900,0,0,0
A02,2026-03-09,20,4700,6300,0,0,0
A02,2026-03-10,9,5200,1700,0,0,0
A02,2026-03-10,10,4900,700,0,0,0
A02,2026-03-10,11,2000,2200,0,0,0
A02,2026-03-10,12,3100,2200,0,0,0
A02,2026-03-10,13,4600,2600,0,0,0
A02,2026-03-10,14,1500,4900,0,0,0
A02,2026-03-10,15,1500,2000,0,0,0
A02,2026-03-10,16,2900,3000,0,0,0
A02,2026-03-10,17,1700,7200,0,0,0
A02,2026-03-10,18,3400,4700,0,0,0
A02,2026-03-10,19,2400,3700,0,0,0
A02,2026-03-10,20,3400,3200,0,0,0
A02,2026-03-11,9,6500,5300,0,0,0
A02,2026-03-11,10,5300,1900,0,0,0
A02,2026-03-11,11,7800,4900,0,0,0
A02,2026-03-11,12,5900,2100,0,0,0
A02,2026-03-11,13,5500,1800,0,0,0
A02,2026-03-11,14,2800,2000,0,0,0
A02,2026-03-11,15,4100,3200,0,0,0
A02,2026-03-11,16,3700,4800,0,0,0
A02,2026-03-11,17,4200,12300,0,0,0
A02,2026-03-11,18,3300,7200,0,0,0
A02,2026-03-11,19,3000,3600,0,0,0
A02,2026-03-11,20,4500,2300,0,0,0
A02,2026-03-12,9,6500,4700,0,0,0
A02,2026-03-12,10,5100,2100,0,0,0
A02,2026-03-12,11,7500,4400,0,0,0
A02,2026-03-12,12,2500,3300,0,0,0
A02,2026-03-12,13,8900,1800,0,0,0
A02,2026-03-12,14,5000,3200,0,0,0
A02,2026-03-12,15,2300,3800,0,0,0
A02,2026-03-12,16,2200,7600,0,0,0
A02,2026-03-12,17,2200,4700,0,0,0
A02,2026-03-12,18,3800,6300,0,0,0
A02,2026-03-12,19,3700,1700,0,0,0
A02,2026-03-12,20,3800,2200,0,0,0
A02,2026-03-13,9,3000,5000,0,1,0
A02,2026-03-13,10,14600,2000,0,1,0
A02,2026-03-13,11,4600,4600,0,1,0
A02,2026-03-13,12,9200,2400,0,1,0
A02,2026-03-13,13,9200,4900,0,1,0
A02,2026-03-13,14,2400,5400,0,1,0
A02,2026-03-13,15,4700,9100,0,1,0
A02,2026-03-13,16,4100,10100,0,1,0
A02,2026-03-13,17,10300,15400,0,1,0
A02,2026-03-13,18,9600,14800,0,1,0
A02,2026-03-13,19,3000,4600,0,1,0
A02,2026-03-13,20,3200,6700,0,1,0
A02,2026-03-14,9,2000,4000,0,1,0
A02,2026-03-14,10,7700,2000,0,1,0
A02,2026-03-14,11,9700,1700,0,1,0
A02,2026-03-14,12,2300,2000,0,1,0
A02,2026-03-14,13,7200,2800,0,1,0
A02,2026-03-14,14,5200,4500,0,1,0
A02,2026-03-14,15,4100,3200,0,1,0
A02,2026-03-14,16,2200,7000,0,1,0
A02,2026-03-14,17,3300,4100,0,1,0
A02,2026-03-14,18,3600,4400,0,1,0
A02,2026-03-14,19,1900,5400,0,1,0
A02,2026-03-14,20,5000,2000,0,1,0
A02,2026-03-15,9,4800,2100,0,0,0
A02,2026-03-15,10,6300,2500,0,0,0
A02,2026-03-15,11,4700,4900,0,0,0
A02,2026-03-15,12,5900,2700,0,0,0
A02,2026-03-15,13,6800,3900,0,0,0
A02,2026-03-15,14,2900,2800,0,0,0
A02,2026-03-15,15,4500,9600,0,0,0
A02,2026-03-15,16,2400,8700,0,0,0
A02,2026-03-15,17,2200,8000,0,0,0
A02,2026-03-15,18,5200,18200,0,0,0
A02,2026-03-15,19,3000,4900,0,0,0
A02,2026-03-15,20,1800,11000,0,0,0
A02,2026-03-16,9,5300,3000,0,0,0
A02,2026-03-16,10,2800,2400,0,0,0
A02,2026-03-16,11,4100,2300,0,0,0
A02,2026-03-16,12,3200,3300,0,0,0
A02,2026-03-16,13,3600,3200,0,0,0
A02,2026-03-16,14,4900,4200,0,0,0
A02,2026-03-16,15,4100,4500,0,0,0
A02,2026-03-16,16,5000,16000,0,0,0
A02,2026-03-16,17,2400,4900,0,0,0
A02,2026-03-16,18,3300,2800,0,0,0
A02,2026-03-16,19,2300,2600,0,0,0
A02,2026-03-16,20,1500,4600,0,0,0
A02,2026-03-17,9,4400,2000,0,0,0
A02,2026-03-17,10,3600,1500,0,0,0
A02,2026-03-17,11,6000,2700,0,0,0
A02,2026-03-17,12,4400,4300,0,0,0
A02,2026-03-17,13,6100,2200,0,0,0
A02,2026-03-17,14,1600,2600,0,0,0
A02,2026-03-17,15,3000,4900,0,0,0
A02,2026-03-17,16,1300,4200,0,0,0
A02,2026-03-17,17,3800,6500,0,0,0
A02,2026-03-17,18,1800,4000,0,0,0
A02,2026-03-17,19,1300,6400,0,0,0
A02,2026-03-17,20,2700,2600,0,0,0
A02,2026-03-18,9,5100,3700,0,0,0
A02,2026-03-18,10,5800,2500,0,0,0
A02,2026-03-18,11,7500,3200,0,0,0
A02,2026-03-18,12,4400,1900,0,0,0
A02,2026-03-18,13,3800,3200,0,0,0
A02,2026-03-18,14,5000,1900,0,0,0
A02,2026-03-18,15,1300,2400,0,0,0
A02,2026-03-18,16,2100,2900,0,0,0
A02,2026-03-18,17,1900,4700,0,0,0
A02,2026-03-18,18,3100,4600,0,0,0
A02,2026-03-18,19,2100,5600,0,0,0
A02,2026-03-18,20,3700,5800,0,0,0
A02,2026-03-19,9,2500,2200,0,0,0
A02,2026-03-19,10,5100,2000,0,0,0
A02,2026-03-19,11,3700,2500,0,0,0
A02,2026-03-19,12,2200,1600,0,0,0
A02,2026-03-19,13,5200,4400,0,0,0
A02,2026-03-19,14,2400,4200,0,0,0
A02,2026-03-19,15,2000,3100,0,0,0
A02,2026-03-19,16,2500,5600,0,0,0
A02,2026-03-19,17,1600,14200,0,0,0
A02,2026-03-19,18,2800,8100,0,0,0
A02,2026-03-19,19,2000,3500,0,0,0
A02,2026-03-19,20,2000,3500,0,0,0
A02,2026-03-20,9,4200,1300,0,1,0
A02,2026-03-20,10,4500,800,0,1,0
A02,2026-03-20,11,1700,3300,0,1,0
A02,2026-03-20,12,10900,1700,0,1,0
A02,2026-03-20,13,5200,1900,0,1,0
A02,2026-03-20,14,2100,2600,0,1,0
A02,2026-03-20,15,3900,3300,0,1,0
A02,2026-03-20,16,3700,4600,0,1,0
A02,2026-03-20,17,2200,5900,0,1,0
A02,2026-03-20,18,2300,3000,0,1,0
A02,2026-03-20,19,3000,3000,0,1,0
A02,2026-03-20,20,3100,2900,0,1,0
A02,2026-03-21,9,10700,4100,0,1,0
A02,2026-03-21,10,3300,3500,0,1,0
A02,2026-03-21,11,5600,2300,0,1,0
A02,2026-03-21,12,8100,2600,0,1,0
A02,2026-03-21,13,4500,2000,0,1,0
A02,2026-03-21,14,4700,4200,0,1,0
A02,2026-03-21,15,3900,2500,0,1,0
A02,2026-03-21,16,1700,6400,0,1,0
A02,2026-03-21,17,4500,5100,0,1,0
A02,2026-03-21,18,2500,3700,0,1,0
A02,2026-03-21,19,4700,3700,0,1,0
A02,2026-03-21,20,4100,3200,0,1,0
A02,2026-03-22,9,5000,2200,0,0,0
A02,2026-03-22,10,2600,1900,0,0,0
A02,2026-03-22,11,5700,2600,0,0,0
A02,2026-03-22,12,6900,2300,0,0,0
A02,2026-03-22,13,2800,900,0,0,0
A02,2026-03-22,14,2100,2500,0,0,0
A02,2026-03-22,15,3500,2800,0,0,0
A02,2026-03-22,16,4300,6500,0,0,0
A02,2026-03-22,17,4800,6500,0,0,0
A02,2026-03-22,18,2800,3200,0,0,0
A02,2026-03-22,19,1400,8900,0,0,0
A02,2026-03-22,20,4700,3700,0,0,0
A02,2026-03-23,9,1700,3000,0,0,0
A02,2026-03-23,10,4200,1400,0,0,0
A02,2026-03-23,11,4900,2800,0,0,0
A02,2026-03-23,12,8900,2800,0,0,0
A02,2026-03-23,13,6800,1500,0,0,0
A02,2026-03-23,14,2700,5400,0,0,0
A02,2026-03-23,15,2400,4000,0,0,0
A02,2026-03-23,16,4200,4100,0,0,0
A02,2026-03-23,17,1000,2700,0,0,0
A02,2026-03-23,18,5100,6000,0,0,0
A02,2026-03-23,19,2200,2500,0,0,0
A02,2026-03-23,20,8300,3400,0,0,0
A02,2026-03-24,9,2200,3100,0,0,0
A02,2026-03-24,10,3200,3000,0,0,0
A02,2026-03-24,11,3100,2400,0,0,0
A02,2026-03-24,12,4000,1700,0,0,0
A02,2026-03-24,13,4400,8800,0,0,0
A02,2026-03-24,14,2700,3000,0,0,0
A02,2026-03-24,15,2700,6000,0,0,0
A02,2026-03-24,16,1900,6400,0,0,0
A02,2026-03-24,17,6500,6200,0,0,0
A02,2026-03-24,18,2900,5000,0,0,0
A02,2026-03-24,19,2300,6700,0,0,0
A02,2026-03-24,20,2300,4200,0,0,0
A02,2026-03-25,9,2800,3700,0,0,0
A02,2026-03-25,10,4900,3500,0,0,0
A02,2026-03-25,11,5600,2600,0,0,0
A02,2026-03-25,12,4400,3400,0,0,0
A02,2026-03-25,13,5300,2400,0,0,0
A02,2026-03-25,14,1600,2600,0,0,0
A02,2026-03-25,15,3700,5800,0,0,0
A02,2026-03-25,16,1600,13300,0,0,0
A02,2026-03-25,17,3000,13300,0,0,0
A02,2026-03-25,18,2000,11200,0,0,0
A02,2026-03-25,19,3300,4000,0,0,0
A02,2026-03-25,20,3100,2900,0,0,0
A02,2026-03-26,9,2700,1600,0,0,0
A02,2026-03-26,10,2200,3200,0,0,0
A02,2026-03-26,11,4000,3000,0,0,0
A02,2026-03-26,12,4200,1500,0,0,0
A02,2026-03-26,13,3800,1700,0,0,0
A02,2026-03-26,14,1700,3800,0,0,0
A02,2026-03-26,15,3600,1800,0,0,0
A02,2026-03-26,16,2300,3700,0,0,0
A02,2026-03-26,17,1800,12000,0,0,0
A02,2026-03-26,18,1700,4600,0,0,0
A02,2026-03-26,19,2500,3000,0,0,0
A02,2026-03-26,20,1900,3200,0,0,0
A02,2026-03-27,9,2800,4200,0,1,1
A02,2026-03-27,10,4400,2300,0,1,1
A02,2026-03-27,11,4300,3200,0,1,1
A02,2026-03-27,12,9200,2100,0,1,1
A02,2026-03-27,13,6000,2500,0,1,1
A02,2026-03-27,14,1700,2200,0,1,1
A02,2026-03-27,15,4900,4900,0,1,1
A02,2026-03-27,16,3600,8500,0,1,1
A02,2026-03-27,17,4300,9700,0,1,1
A02,2026-03-27,18,2900,8300,0,1,1
A02,2026-03-27,19,2200,3400,0,1,1
A02,2026-03-27,20,5000,15100,0,1,1
A02,2026-03-28,9,5100,7700,1,1,0
A02,2026-03-28,10,14100,5500,1,1,0
A02,2026-03-28,11,10700,5400,1,1,0
A02,2026-03-28,12,4000,7400,1,1,0
A02,2026-03-28,13,6100,6000,1,1,0
A02,2026-03-28,14,3700,4600,1,1,0
A02,2026-03-28,15,5100,5800,1,1,0
A02,2026-03-28,16,5700,22400,1,1,0
A02,2026-03-28,17,3700,22000,1,1,0
A02,2026-03-28,18,3300,8100,1,1,0
A02,2026-03-28,19,2400,16000,1,1,0
A02,2026-03-28,20,3600,3400,1,1,0
A02,2026-03-29,9,4600,3600,1,0,0
A02,2026-03-29,10,14600,7400,1,0,0
A02,2026-03-29,11,4900,5100,1,0,0
A02,2026-03-29,12,3200,4800,1,0,0
A02,2026-03-29,13,9000,9600,1,0,0
A02,2026-03-29,14,2800,6600,1,0,0
A02,2026-03-29,15,3500,12300,1,0,0
A02,2026-03-29,16,2400,3600,1,0,0
A02,2026-03-29,17,2500,7900,1,0,0
A02,2026-03-29,18,3000,7000,1,0,0
A02,2026-03-29,19,2100,8900,1,0,0
A02,2026-03-29,20,2900,4100,1,0,0
A02,2026-03-30,9,2200,6200,1,0,0
A02,2026-03-30,10,4700,5000,1,0,0
A02,2026-03-30,11,4200,2400,1,0,0
A02,2026-03-30,12,1500,6000,1,0,0
A02,2026-03-30,13,5900,4500,1,0,0
A02,2026-03-30,14,2200,6800,1,0,0
A02,2026-03-30,15,4100,5400,1,0,0
A02,2026-03-30,16,1800,14400,1,0,0
A02,2026-03-30,17,2200,8100,1,0,0
A02,2026-03-30,18,2300,8400,1,0,0
A02,2026-03-30,19,3100,5300,1,0,0
A02,2026-03-30,20,4200,2500,1,0,0
A02,2026-03-31,9,7000,4400,1,0,0
A02,2026-03-31,10,6300,5300,1,0,0
A02,2026-03-31,11,2600,2800,1,0,0
A02,2026-03-31,12,7800,8100,1,0,0
A02,2026-03-31,13,2800,3600,1,0,0
A02,2026-03-31,14,4000,6900,1,0,0
A02,2026-03-31,15,5800,7600,1,0,0
A02,2026-03-31,16,2800,9900,1,0,0
A02,2026-03-31,17,1600,7400,1,0,0
A02,2026-03-31,18,3500,11500,1,0,0
A02,2026-03-31,19,2500,10000,1,0,0
A02,2026-03-31,20,1400,8300,1,0,0
A02,2026-04-01,9,2700,2600,1,0,0
A02,2026-04-01,10,3200,2500,1,0,0
A02,2026-04-01,11,3700,4700,1,0,0
A02,2026-04-01,12,7700,7100,1,0,0
A02,2026-04-01,13,3800,5700,1,0,0
A02,2026-04-01,14,2600,4500,1,0,0
A02,2026-04-01,15,1500,5400,1,0,0
A02,2026-04-01,16,3800,13200,1,0,0
A02,2026-04-01,17,2200,7600,1,0,0
A02,2026-04-01,18,2600,7600,1,0,0
A02,2026-04-01,19,1800,8100,1,0,0
A02,2026-04-01,20,4100,6900,1,0,0
A02,2026-04-02,9,3900,7300,1,0,0
A02,2026-04-02,10,3000,3800,1,0,0
A02,2026-04-02,11,7400,7200,1,0,0
A02,2026-04-02,12,7000,5000,1,0,0
A02,2026-04-02,13,5700,4100,1,0,0
A02,2026-04-02,14,3900,7800,1,0,0
A02,2026-04-02,15,5800,5700,1,0,0
A02,2026-04-02,16,1900,18300,1,0,0
A02,2026-04-02,17,3000,16500,1,0,0
A02,2026-04-02,18,4600,7900,1,0,0
A02,2026-04-02,19,1500,12100,1,0,0
A02,2026-04-02,20,2500,8400,1,0,0
A02,2026-04-03,9,4100,3800,1,1,0
A02,2026-04-03,10,7800,3100,1,1,0
A02,2026-04-03,11,3400,5700,1,1,0
A02,2026-04-03,12,5100,2000,1,1,0
A02,2026-04-03,13,3800,4600,1,1,0
A02,2026-04-03,14,5000,2200,1,1,0
A02,2026-04-03,15,2900,11800,1,1,0
A02,2026-04-03,16,3700,6700,1,1,0
A02,2026-04-03,17,2700,12300,1,1,0
A02,2026-04-03,18,4300,7300,1,1,0
A02,2026-04-03,19,2600,7700,1,1,0
A02,2026-04-03,20,1700,5700,1,1,0
A02,2026-04-04,9,4300,8100,1,1,0
A02,2026-04-04,10,7700,3500,1,1,0
A02,2026-04-04,11,4600,3000,1,1,0
A02,2026-04-04,12,6200,6100,1,1,0
A02,2026-04-04,13,3700,3600,1,1,0
A02,2026-04-04,14,3500,4200,1,1,0
A02,2026-04-04,15,4400,8000,1,1,0
A02,2026-04-04,16,3700,8100,1,1,0
A02,2026-04-04,17,3600,10100,1,1,0
A02,2026-04-04,18,8500,7700,1,1,0
A02,2026-04-04,19,2400,6800,1,1,0
A02,2026-04-04,20,4600,8500,1,1,0
A02,2026-04-05,9,3900,3900,1,0,0
A02,2026-04-05,10,5300,4100,1,0,0
A02,2026-04-05,11,3100,2800,1,0,0
A02,2026-04-05,12,6700,3000,1,0,0
A02,2026-04-05,13,5500,3100,1,0,0
A02,2026-04-05,14,2300,13200,1,0,0
A02,2026-04-05,15,3800,11800,1,0,0
A02,2026-04-05,16,4400,9800,1,0,0
A02,2026-04-05,17,5100,18200,1,0,0
A02,2026-04-05,18,2700,10500,1,0,0
A02,2026-04-05,19,3700,12000,1,0,0
A02,2026-04-05,20,5800,4000,1,0,0
A02,2026-04-06,9,3000,1400,0,0,0
A02,2026-04-06,10,3500,3400,0,0,0
A02,2026-04-06,11,6500,1200,0,0,0
A02,2026-04-06,12,2900,2600,0,0,0
A02,2026-04-06,13,3200,3400,0,0,0
A02,2026-04-06,14,4900,2800,0,0,0
A02,2026-04-06,15,4200,5800,0,0,0
A02,2026-04-06,16,2600,8900,0,0,0
A02,2026-04-06,17,1800,13100,0,0,0
A02,2026-04-06,18,2500,8600,0,0,0
A02,2026-04-06,19,3600,3300,0,0,0
A02,2026-04-06,20,4200,3400,0,0,0
A02,2026-04-07,9,3900,4200,0,0,0
A02,2026-04-07,10,5500,2600,0,0,0
A02,2026-04-07,11,8100,3000,0,0,0
A02,2026-04-07,12,8800,3300,0,0,0
A02,2026-04-07,13,3100,3100,0,0,0
A02,2026-04-07,14,4300,10100,0,0,0
A02,2026-04-07,15,3300,6600,0,0,0
A02,2026-04-07,16,6200,10000,0,0,0
A02,2026-04-07,17,1700,14400,0,0,0
A02,2026-04-07,18,2200,11900,0,0,0
A02,2026-04-07,19,2900,4500,0,0,0
A02,2026-04-07,20,1900,3200,0,0,0
A02,2026-04-08,9,4600,1700,0,0,0
A02,2026-04-08,10,7000,1300,0,0,0
A02,2026-04-08,11,6300,2800,0,0,0
A02,2026-04-08,12,5600,2000,0,0,0
A02,2026-04-08,13,3600,2000,0,0,0
A02,2026-04-08,14,2500,2800,0,0,0
A02,2026-04-08,15,1800,2500,0,0,0
A02,2026-04-08,16,2100,4200,0,0,0
A02,2026-04-08,17,3800,5900,0,0,0
A02,2026-04-08,18,1800,2400,0,0,0
A02,2026-04-08,19,1900,3200,0,0,0
A02,2026-04-08,20,4500,1800,0,0,0
A02,2026-04-09,9,2500,1000,0,0,1
A02,2026-04-09,10,5000,1800,0,0,1
A02,2026-04-09,11,5500,2100,0,0,1
A02,2026-04-09,12,2600,2400,0,0,1
A02,2026-04-09,13,3900,1900,0,0,1
A02,2026-04-09,14,2900,1900,0,0,1
A02,2026-04-09,15,1800,9800,0,0,1
A02,2026-04-09,16,3000,9200,0,0,1
A02,2026-04-09,17,3800,8600,0,0,1
A02,2026-04-09,18,3300,6800,0,0,1
A02,2026-04-09,19,1100,5900,0,0,1
A02,2026-04-09,20,2500,9200,0,0,1
A02,2026-04-10,9,7600,2000,0,1,1
A02,2026-04-10,10,4600,3800,0,1,1
A02,2026-04-10,11,8300,3000,0,1,1
A02,2026-04-10,12,8600,3400,0,1,1
A02,2026-04-10,13,4200,2300,0,1,1
A02,2026-04-10,14,4800,4500,0,1,1
A02,2026-04-10,15,3000,5900,0,1,1
A02,2026-04-10,16,1800,32600,0,1,1
A02,2026-04-10,17,3600,12500,0,1,1
A02,2026-04-10,18,5000,17000,0,1,1
A02,2026-04-10,19,3500,4800,0,1,1
A02,2026-04-10,20,7100,6700,0,1,1
A02,2026-04-11,9,5300,1300,0,1,0
A02,2026-04-11,10,1900,3200,0,1,0
A02,2026-04-11,11,4400,2300,0,1,0
A02,2026-04-11,12,6000,1900,0,1,0
A02,2026-04-11,13,2300,1600,0,1,0
A02,2026-04-11,14,8400,2200,0,1,0
A02,2026-04-11,15,2500,3300,0,1,0
A02,2026-04-11,16,2900,4900,0,1,0
A02,2026-04-11,17,1900,4700,0,1,0
A02,2026-04-11,18,2400,6500,0,1,0
A02,2026-04-11,19,3400,2600,0,1,0
A02,2026-04-11,20,10700,3400,0,1,0
A02,2026-04-12,9,9200,2100,0,0,0
A02,2026-04-12,10,4300,3100,0,0,0
A02,2026-04-12,11,3500,2100,0,0,0
A02,2026-04-12,12,3000,3400,0,0,0
A02,2026-04-12,13,2800,2500,0,0,0
A02,2026-04-12,14,1500,2300,0,0,0
A02,2026-04-12,15,2500,3100,0,0,0
A02,2026-04-12,16,1800,2600,0,0,0
A02,2026-04-12,17,2500,4200,0,0,0
A02,2026-04-12,18,2300,12100,0,0,0
A02,2026-04-12,19,2700,4000,0,0,0
A02,2026-04-12,20,3800,4700,0,0,0
A02,2026-04-13,9,3400,1000,0,0,0
A02,2026-04-13,10,1100,1700,0,0,0
A02,2026-04-13,11,4300,1300,0,0,0
A02,2026-04-13,12,3200,1700,0,0,0
A02,2026-04-13,13,3500,1900,0,0,0
A02,2026-04-13,14,1500,2600,0,0,0
A02,2026-04-13,15,2000,3300,0,0,0
A02,2026-04-13,16,2400,3000,0,0,0
A02,2026-04-13,17,2900,3100,0,0,0
A02,2026-04-13,18,1400,4500,0,0,0
A02,2026-04-13,19,1400,2600,0,0,0
A02,2026-04-13,20,2500,1300,0,0,0
A02,2026-04-14,9,3900,2800,0,0,0
A02,2026-04-14,10,1600,1800,0,0,0
A02,2026-04-14,11,5300,1900,0,0,0
A02,2026-04-14,12,3300,1500,0,0,0
A02,2026-04-14,13,4300,3000,0,0,0
A02,2026-04-14,14,3100,1400,0,0,0
A02,2026-04-14,15,2000,4500,0,0,0
A02,2026-04-14,16,1900,2800,0,0,0
A02,2026-04-14,17,2100,13800,0,0,0
A02,2026-04-14,18,1900,5300,0,0,0
A02,2026-04-14,19,3300,2300,0,0,0
A02,2026-04-14,20,2400,3000,0,0,0
A02,2026-04-15,9,4700,1600,0,0,0
A02,2026-04-15,10,3700,2100,0,0,0
A02,2026-04-15,11,4400,2600,0,0,0
A02,2026-04-15,12,2300,4600,0,0,0
A02,2026-04-15,13,3500,2000,0,0,0
A02,2026-04-15,14,3200,2800,0,0,0
A02,2026-04-15,15,3600,4500,0,0,0
A02,2026-04-15,16,2200,9300,0,0,0
A02,2026-04-15,17,2800,7500,0,0,0
A02,2026-04-15,18,2300,6700,0,0,0
A02,2026-04-15,19,5100,3600,0,0,0
A02,2026-04-15,20,2700,5500,0,0,0
A02,2026-04-16,9,3100,2800,0,0,0
A02,2026-04-16,10,3600,1400,0,0,0
A02,2026-04-16,11,4600,1800,0,0,0
A02,2026-04-16,12,6100,3100,0,0,0
A02,2026-04-16,13,10800,5800,0,0,0
A02,2026-04-16,14,3300,5500,0,0,0
A02,2026-04-16,15,2400,4200,0,0,0
A02,2026-04-16,16,4500,7700,0,0,0
A02,2026-04-16,17,2400,6600,0,0,0
A02,2026-04-16,18,4700,7900,0,0,0
A02,2026-04-16,19,1400,5200,0,0,0
A02,2026-04-16,20,2800,3800,0,0,0
A02,2026-04-17,9,5000,2500,0,1,0
A02,2026-04-17,10,5700,1900,0,1,0
A02,2026-04-17,11,7000,1700,0,1,0
A02,2026-04-17,12,6800,2000,0,1,0
A02,2026-04-17,13,8100,1900,0,1,0
A02,2026-04-17,14,5000,2300,0,1,0
A02,2026-04-17,15,2300,3300,0,1,0
A02,2026-04-17,16,6500,9400,0,1,0
A02,2026-04-17,17,3400,8100,0,1,0
A02,2026-04-17,18,3500,11900,0,1,0
A02,2026-04-17,19,2900,4600,0,1,0
A02,2026-04-17,20,3100,6700,0,1,0
A02,2026-04-18,9,5600,2000,0,1,0
A02,2026-04-18,10,7000,4600,0,1,0
A02,2026-04-18,11,7600,2900,0,1,0
A02,2026-04-18,12,5100,3700,0,1,0
A02,2026-04-18,13,6400,2500,0,1,0
A02,2026-04-18,14,4700,4600,0,1,0
A02,2026-04-18,15,2800,5500,0,1,0
A02,2026-04-18,16,4400,5800,0,1,0
A02,2026-04-18,17,3800,7100,0,1,0
A02,2026-04-18,18,4700,8700,0,1,0
A02,2026-04-18,19,4300,4400,0,1,0
A02,2026-04-18,20,3800,2100,0,1,0
A02,2026-04-19,9,4000,2300,0,0,0
A02,2026-04-19,10,6200,2500,0,0,0
A02,2026-04-19,11,12000,1800,0,0,0
A02,2026-04-19,12,3900,2700,0,0,0
A02,2026-04-19,13,5300,3100,0,0,0
A02,2026-04-19,14,4100,10600,0,0,0
A02,2026-04-19,15,3200,5700,0,0,0
A02,2026-04-19,16,4300,15900,0,0,0
A02,2026-04-19,17,4700,13300,0,0,0
A02,2026-04-19,18,2600,6900,0,0,0
A02,2026-04-19,19,3300,6500,0,0,0
A02,2026-04-19,20,2100,1500,0,0,0
A02,2026-04-20,9,3100,1400,0,0,0
A02,2026-04-20,10,8500,1900,0,0,0
A02,2026-04-20,11,7000,2600,0,0,0
A02,2026-04-20,12,3300,2400,0,0,0
A02,2026-04-20,13,4100,3000,0,0,0
A02,2026-04-20,14,1900,3700,0,0,0
A02,2026-04-20,15,1000,3500,0,0,0
A02,2026-04-20,16,2400,3200,0,0,0
A02,2026-04-20,17,3000,6500,0,0,0
A02,2026-04-20,18,1900,9100,0,0,0
A02,2026-04-20,19,5600,2000,0,0,0
A02,2026-04-20,20,3500,3100,0,0,0
A02,2026-04-21,9,3500,3100,0,0,0
A02,2026-04-21,10,3200,2800,0,0,0
A02,2026-04-21,11,7800,3900,0,0,0
A02,2026-04-21,12,5700,2700,0,0,0
A02,2026-04-21,13,2200,3000,0,0,0
A02,2026-04-21,14,2600,1700,0,0,0
A02,2026-04-21,15,2600,5100,0,0,0
A02,2026-04-21,16,3600,7100,0,0,0
A02,2026-04-21,17,2300,4400,0,0,0
A02,2026-04-21,18,2700,6000,0,0,0
A02,2026-04-21,19,3600,4100,0,0,0
A02,2026-04-21,20,2300,1900,0,0,0
A02,2026-04-22,9,2200,2700,0,0,0
A02,2026-04-22,10,6000,3400,0,0,0
A02,2026-04-22,11,9700,2300,0,0,0
A02,2026-04-22,12,6200,3000,0,0,0
A02,2026-04-22,13,8700,2100,0,0,0
A02,2026-04-22,14,6500,3900,0,0,0
A02,2026-04-22,15,1800,6200,0,0,0
A02,2026-04-22,16,4100,5300,0,0,0
A02,2026-04-22,17,2600,7200,0,0,0
A02,2026-04-22,18,6400,8200,0,0,0
A02,2026-04-22,19,1400,3800,0,0,0
A02,2026-04-22,20,2500,3200,0,0,0
A02,2026-04-23,9,4900,2900,0,0,0
A02,2026-04-23,10,3500,4400,0,0,0
A02,2026-04-23,11,4000,3100,0,0,0
A02,2026-04-23,12,3100,4200,0,0,0
A02,2026-04-23,13,4800,1200,0,0,0
A02,2026-04-23,14,3500,4400,0,0,0
A02,2026-04-23,15,2600,6700,0,0,0
A02,2026-04-23,16,3000,4900,0,0,0
A02,2026-04-23,17,5100,11300,0,0,0
A02,2026-04-23,18,2200,5800,0,0,0
A02,2026-04-23,19,6300,9300,0,0,0
A02,2026-04-23,20,2900,3200,0,0,0
A02,2026-04-24,9,4400,2100,0,1,0
A02,2026-04-24,10,6400,1300,0,1,0
A02,2026-04-24,11,8000,2000,0,1,0
A02,2026-04-24,12,6400,2000,0,1,0
A02,2026-04-24,13,5400,2500,0,1,0
A02,2026-04-24,14,4800,5600,0,1,0
A02,2026-04-24,15,1400,5200,0,1,0
A02,2026-04-24,16,4800,5500,0,1,0
A02,2026-04-24,17,2100,6200,0,1,0
A02,2026-04-24,18,5900,10600,0,1,0
A02,2026-04-24,19,2900,5100,0,1,0
A02,2026-04-24,20,6700,3900,0,1,0
A02,2026-04-25,9,6200,1400,0,1,0
A02,2026-04-25,10,3800,1700,0,1,0
A02,2026-04-25,11,3400,2800,0,1,0
A02,2026-04-25,12,5500,2800,0,1,0
A02,2026-04-25,13,3000,4200,0,1,0
A02,2026-04-25,14,3400,2400,0,1,0
A02,2026-04-25,15,2600,1800,0,1,0
A02,2026-04-25,16,2200,3700,0,1,0
A02,2026-04-25,17,2000,3900,0,1,0
A02,2026-04-25,18,4100,4300,0,1,0
A02,2026-04-25,19,4100,4300,0,1,0
A02,2026-04-25,20,2600,1000,0,1,0
A02,2026-04-26,9,4100,3100,0,0,1
A02,2026-04-26,10,5800,2300,0,0,1
A02,2026-04-26,11,3200,4200,0,0,1
A02,2026-04-26,12,3600,3600,0,0,1
A02,2026-04-26,13,5000,4200,0,0,1
A02,2026-04-26,14,2600,3700,0,0,1
A02,2026-04-26,15,3200,14300,0,0,1
A02,2026-04-26,16,1200,9500,0,0,1
A02,2026-04-26,17,1900,6700,0,0,1
A02,2026-04-26,18,4400,9400,0,0,1
A02,2026-04-26,19,4600,5500,0,0,1
A02,2026-04-26,20,2900,6400,0,0,1
A02,2026-04-27,9,4900,3800,0,0,0
A02,2026-04-27,10,4200,1600,0,0,0
A02,2026-04-27,11,8100,1600,0,0,0
A02,2026-04-27,12,6500,2600,0,0,0
A02,2026-04-27,13,3800,1600,0,0,0
A02,2026-04-27,14,1400,3900,0,0,0
A02,2026-04-27,15,3700,5000,0,0,0
A02,2026-04-27,16,3800,3400,0,0,0
A02,2026-04-27,17,2800,11000,0,0,0
A02,2026-04-27,18,3700,7100,0,0,0
A02,2026-04-27,19,3500,4100,0,0,0
A02,2026-04-27,20,4500,3700,0,0,0
A02,2026-04-28,9,4300,6000,1,0,0
A02,2026-04-28,10,3000,2300,1,0,0
A02,2026-04-28,11,4100,3000,1,0,0
A02,2026-04-28,12,2900,9800,1,0,0
A02,2026-04-28,13,3300,3000,1,0,0
A02,2026-04-28,14,3400,8800,1,0,0
A02,2026-04-28,15,3300,9700,1,0,0
A02,2026-04-28,16,2800,10500,1,0,0
A02,2026-04-28,17,2000,12900,1,0,0
A02,2026-04-28,18,2900,10700,1,0,0
A02,2026-04-28,19,2300,5800,1,0,0
A02,2026-04-28,20,3600,4200,1,0,0
A02,2026-04-29,9,4800,3200,1,0,0
A02,2026-04-29,10,5500,4600,1,0,0
A02,2026-04-29,11,2100,6700,1,0,0
A02,2026-04-29,12,2200,6500,1,0,0
A02,2026-04-29,13,5500,3800,1,0,0
A02,2026-04-29,14,1700,9400,1,0,0
A02,2026-04-29,15,3300,5300,1,0,0
A02,2026-04-29,16,3100,6900,1,0,0
A02,2026-04-29,17,1400,18900,1,0,0
A02,2026-04-29,18,2800,13900,1,0,0
A02,2026-04-29,19,2700,7200,1,0,0
A02,2026-04-29,20,2100,11300,1,0,0
A02,2026-04-30,9,2700,6400,1,0,0
A02,2026-04-30,10,4200,2400,1,0,0
A02,2026-04-30,11,5700,4900,1,0,0
A02,2026-04-30,12,3000,1400,1,0,0
A02,2026-04-30,13,4100,2400,1,0,0
A02,2026-04-30,14,3000,4900,1,0,0
A02,2026-04-30,15,1000,4000,1,0,0
A02,2026-04-30,16,2800,15500,1,0,0
A02,2026-04-30,17,2800,17300,1,0,0
A02,2026-04-30,18,2500,9900,1,0,0
A02,2026-04-30,19,1900,6300,1,0,0
A02,2026-04-30,20,6100,3000,1,0,0
A02,2026-05-01,9,6400,3000,1,1,0
A02,2026-05-01,10,11400,2000,1,1,0
A02,2026-05-01,11,6500,3900,1,1,0
A02,2026-05-01,12,3700,3500,1,1,0
A02,2026-05-01,13,3000,4800,1,1,0
A02,2026-05-01,14,3200,5700,1,1,0
A02,2026-05-01,15,4300,6800,1,1,0
A02,2026-05-01,16,3100,11400,1,1,0
A02,2026-05-01,17,4000,12000,1,1,0
A02,2026-05-01,18,5300,7600,1,1,0
A02,2026-05-01,19,2900,8000,1,1,0
A02,2026-05-01,20,6000,3900,1,1,0
A02,2026-05-02,9,14800,4500,1,1,0
A02,2026-05-02,10,5700,3700,1,1,0
A02,2026-05-02,11,8900,3300,1,1,0
A02,2026-05-02,12,5800,2800,1,1,0
A02,2026-05-02,13,6100,4000,1,1,0
A02,2026-05-02,14,5700,6700,1,1,0
A02,2026-05-02,15,7600,14600,1,1,0
A02,2026-05-02,16,3300,14200,1,1,0
A02,2026-05-02,17,4300,11000,1,1,0
A02,2026-05-02,18,4300,6100,1,1,0
A02,2026-05-02,19,2800,6400,1,1,0
A02,2026-05-02,20,3100,6200,1,1,0
A02,2026-05-03,9,3100,3300,1,0,0
A02,2026-05-03,10,2400,3600,1,0,0
A02,2026-05-03,11,2900,3200,1,0,0
A02,2026-05-03,12,2300,4500,1,0,0
A02,2026-05-03,13,2000,3500,1,0,0
A02,2026-05-03,14,1400,3400,1,0,0
A02,2026-05-03,15,3000,12700,1,0,0
A02,2026-05-03,16,2200,10400,1,0,0
A02,2026-05-03,17,1800,15200,1,0,0
A02,2026-05-03,18,2800,11500,1,0,0
A02,2026-05-03,19,3300,14200,1,0,0
A02,2026-05-03,20,1600,5000,1,0,0
A02,2026-05-04,9,2100,3600,1,0,0
A02,2026-05-04,10,4200,3700,1,0,0
A02,2026-05-04,11,6300,5100,1,0,0
A02,2026-05-04,12,2400,7600,1,0,0
A02,2026-05-04,13,3900,3300,1,0,0
A02,2026-05-04,14,4800,7200,1,0,0
A02,2026-05-04,15,2900,6000,1,0,0
A02,2026-05-04,16,5000,8100,1,0,0
A02,2026-05-04,17,1700,9200,1,0,0
A02,2026-05-04,18,6400,7900,1,0,0
A02,2026-05-04,19,2500,11200,1,0,0
A02,2026-05-04,20,2200,12500,1,0,0
A02,2026-05-05,9,2500,6200,1,0,0
A02,2026-05-05,10,2700,2500,1,0,0
A02,2026-05-05,11,3600,3700,1,0,0
A02,2026-05-05,12,4300,2600,1,0,0
A02,2026-05-05,13,2900,5200,1,0,0
A02,2026-05-05,14,1600,4300,1,0,0
A02,2026-05-05,15,1200,4000,1,0,0
A02,2026-05-05,16,1600,7100,1,0,0
A02,2026-05-05,17,1100,8900,1,0,0
A02,2026-05-05,18,2200,5100,1,0,0
A02,2026-05-05,19,2000,7100,1,0,0
A02,2026-05-05,20,3000,5800,1,0,0
A02,2026-05-06,9,3900,2600,0,0,0
A02,2026-05-06,10,4500,3600,0,0,0
A02,2026-05-06,11,8100,2900,0,0,0
A02,2026-05-06,12,3800,1900,0,0,0
A02,2026-05-06,13,4100,4900,0,0,0
A02,2026-05-06,14,3200,1800,0,0,0
A02,2026-05-06,15,1900,4000,0,0,0
A02,2026-05-06,16,1600,4800,0,0,0
A02,2026-05-06,17,3800,11400,0,0,0
A02,2026-05-06,18,3000,4900,0,0,0
A02,2026-05-06,19,1700,4600,0,0,0
A02,2026-05-06,20,800,4800,0,0,0
A02,2026-05-07,9,3900,1900,0,0,0
A02,2026-05-07,10,4000,2000,0,0,0
A02,2026-05-07,11,4500,2600,0,0,0
A02,2026-05-07,12,6700,2200,0,0,0
A02,2026-05-07,13,7900,1700,0,0,0
A02,2026-05-07,14,6500,2700,0,0,0
A02,2026-05-07,15,1500,5400,0,0,0
A02,2026-05-07,16,1900,5400,0,0,0
A02,2026-05-07,17,2900,5000,0,0,0
A02,2026-05-07,18,8200,6600,0,0,0
A02,2026-05-07,19,1300,3500,0,0,0
A02,2026-05-07,20,4700,2200,0,0,0
A02,2026-05-08,9,5700,4300,0,1,0
A02,2026-05-08,10,7300,4700,0,1,0
A02,2026-05-08,11,7500,3400,0,1,0
A02,2026-05-08,12,5800,1700,0,1,0
A02,2026-05-08,13,3200,2400,0,1,0
A02,2026-05-08,14,3400,4800,0,1,0
A02,2026-05-08,15,2300,1800,0,1,0
A02,2026-05-08,16,3000,12100,0,1,0
A02,2026-05-08,17,3700,7500,0,1,0
A02,2026-05-08,18,2400,12600,0,1,0
A02,2026-05-08,19,6100,5300,0,1,0
A02,2026-05-08,20,4400,3200,0,1,0
A02,2026-05-09,9,6500,3100,0,1,0
A02,2026-05-09,10,6600,2700,0,1,0
A02,2026-05-09,11,3600,3200,0,1,0
A02,2026-05-09,12,6900,4900,0,1,0
A02,2026-05-09,13,5700,1700,0,1,0
A02,2026-05-09,14,7700,3000,0,1,0
A02,2026-05-09,15,3800,5200,0,1,0
A02,2026-05-09,16,3200,5900,0,1,0
A02,2026-05-09,17,3400,4800,0,1,0
A02,2026-05-09,18,4800,13600,0,1,0
A02,2026-05-09,19,2300,6600,0,1,0
A02,2026-05-09,20,2800,7900,0,1,0
A02,2026-05-10,9,6000,1400,0,0,0
A02,2026-05-10,10,5400,3000,0,0,0
A02,2026-05-10,11,3100,2300,0,0,0
A02,2026-05-10,12,4700,1300,0,0,0
A02,2026-05-10,13,3800,2800,0,0,0
A02,2026-05-10,14,3200,2800,0,0,0
A02,2026-05-10,15,3000,2400,0,0,0
A02,2026-05-10,16,1500,8100,0,0,0
A02,2026-05-10,17,2100,7000,0,0,0
A02,2026-05-10,18,1600,7300,0,0,0
A02,2026-05-10,19,1900,3500,0,0,0
A02,2026-05-10,20,2200,4500,0,0,0
A02,2026-05-11,9,5700,900,0,0,0
A02,2026-05-11,10,3200,1800,0,0,0
A02,2026-05-11,11,2200,1700,0,0,0
A02,2026-05-11,12,2600,1500,0,0,0
A02,2026-05-11,13,5000,2400,0,0,0
A02,2026-05-11,14,3500,2800,0,0,0
A02,2026-05-11,15,3300,2900,0,0,0
A02,2026-05-11,16,2700,3400,0,0,0
A02,2026-05-11,17,1800,5100,0,0,0
A02,2026-05-11,18,1900,3300,0,0,0
A02,2026-05-11,19,2000,8000,0,0,0
A02,2026-05-11,20,1100,4200,0,0,0
A02,2026-05-12,9,7500,2400,0,0,0
A02,2026-05-12,10,2700,2600,0,0,0
A02,2026-05-12,11,3100,2200,0,0,0
A02,2026-05-12,12,6200,2800,0,0,0
A02,2026-05-12,13,3000,4200,0,0,0
A02,2026-05-12,14,2700,4600,0,0,0
A02,2026-05-12,15,4000,6700,0,0,0
A02,2026-05-12,16,3500,5100,0,0,0
A02,2026-05-12,17,3600,9200,0,0,0
A02,2026-05-12,18,1500,6700,0,0,0
A02,2026-05-12,19,7300,9700,0,0,0
A02,2026-05-12,20,2800,3400,0,0,0
A02,2026-05-13,9,5100,4000,0,0,0
A02,2026-05-13,10,12400,3800,0,0,0
A02,2026-05-13,11,11600,2400,0,0,0
A02,2026-05-13,12,3600,4000,0,0,0
A02,2026-05-13,13,4500,9500,0,0,0
A02,2026-05-13,14,3500,7300,0,0,0
A02,2026-05-13,15,7400,6400,0,0,0
A02,2026-05-13,16,7000,5900,0,0,0
A02,2026-05-13,17,2200,5800,0,0,0
A02,2026-05-13,18,4300,11400,0,0,0
A02,2026-05-13,19,4300,10200,0,0,0
A02,2026-05-13,20,3300,1500,0,0,0
A02,2026-05-14,9,7800,2000,0,0,0
A02,2026-05-14,10,6900,1800,0,0,0
A02,2026-05-14,11,13100,3700,0,0,0
A02,2026-05-14,12,4300,1400,0,0,0
A02,2026-05-14,13,2900,1700,0,0,0
A02,2026-05-14,14,2500,3700,0,0,0
A02,2026-05-14,15,3700,3000,0,0,0
A02,2026-05-14,16,1400,5100,0,0,0
A02,2026-05-14,17,4800,7700,0,0,0
A02,2026-05-14,18,4200,5100,0,0,0
A02,2026-05-14,19,2100,5500,0,0,0
A02,2026-05-14,20,1900,3300,0,0,0
A02,2026-05-15,9,10300,5200,0,1,0
A02,2026-05-15,10,20500,1800,0,1,0
A02,2026-05-15,11,8000,2700,0,1,0
A02,2026-05-15,12,5500,6500,0,1,0
A02,2026-05-15,13,8000,3300,0,1,0
A02,2026-05-15,14,7200,4100,0,1,0
A02,2026-05-15,15,3600,2400,0,1,0
A02,2026-05-15,16,7500,9500,0,1,0
A02,2026-05-15,17,7200,12600,0,1,0
A02,2026-05-15,18,3300,14000,0,1,0
A02,2026-05-15,19,4400,8100,0,1,0
A02,2026-05-15,20,4200,4000,0,1,0
A02,2026-05-16,9,2600,2400,0,1,0
A02,2026-05-16,10,6000,1300,0,1,0
A02,2026-05-16,11,5600,1700,0,1,0
A02,2026-05-16,12,3900,2700,0,1,0
A02,2026-05-16,13,8000,5000,0,1,0
A02,2026-05-16,14,5300,3300,0,1,0
A02,2026-05-16,15,4900,3700,0,1,0
A02,2026-05-16,16,6000,7400,0,1,0
A02,2026-05-16,17,1900,11900,0,1,0
A02,2026-05-16,18,5800,6100,0,1,0
A02,2026-05-16,19,1900,5300,0,1,0
A02,2026-05-16,20,5600,5700,0,1,0
A02,2026-05-17,9,2700,1400,0,0,0
A02,2026-05-17,10,2700,1300,0,0,0
A02,2026-05-17,11,4400,1700,0,0,0
A02,2026-05-17,12,2600,2800,0,0,0
A02,2026-05-17,13,1900,1700,0,0,0
A02,2026-05-17,14,2600,1900,0,0,0
A02,2026-05-17,15,1400,4600,0,0,0
A02,2026-05-17,16,2500,2700,0,0,0
A02,2026-05-17,17,2500,5100,0,0,0
A02,2026-05-17,18,1900,4000,0,0,0
A02,2026-05-17,19,3200,5200,0,0,0
A02,2026-05-17,20,2400,1400,0,0,0
A02,2026-05-18,9,3900,2200,0,0,0
A02,2026-05-18,10,5300,2400,0,0,0
A02,2026-05-18,11,2700,1800,0,0,0
A02,2026-05-18,12,3800,3400,0,0,0
A02,2026-05-18,13,7800,4200,0,0,0
A02,2026-05-18,14,2700,3300,0,0,0
A02,2026-05-18,15,1800,4100,0,0,0
A02,2026-05-18,16,3500,4200,0,0,0
A02,2026-05-18,17,3400,3600,0,0,0
A02,2026-05-18,18,2500,5000,0,0,0
A02,2026-05-18,19,2500,4900,0,0,0
A02,2026-05-18,20,1500,8100,0,0,0
A02,2026-05-19,9,3500,1900,0,0,0
A02,2026-05-19,10,5700,4700,0,0,0
A02,2026-05-19,11,8200,8500,0,0,0
A02,2026-05-19,12,2300,2700,0,0,0
A02,2026-05-19,13,3400,1600,0,0,0
A02,2026-05-19,14,2200,2100,0,0,0
A02,2026-05-19,15,5300,7300,0,0,0
A02,2026-05-19,16,2100,6000,0,0,0
A02,2026-05-19,17,3200,6600,0,0,0
A02,2026-05-19,18,3400,7600,0,0,0
A02,2026-05-19,19,2000,3900,0,0,0
A02,2026-05-19,20,5900,8400,0,0,0
A02,2026-05-20,9,5000,2200,0,0,1
A02,2026-05-20,10,6500,1600,0,0,1
A02,2026-05-20,11,2700,3300,0,0,1
A02,2026-05-20,12,5100,3300,0,0,1
A02,2026-05-20,13,5100,5900,0,0,1
A02,2026-05-20,14,2700,3900,0,0,1
A02,2026-05-20,15,1800,3400,0,0,1
A02,2026-05-20,16,2800,6500,0,0,1
A02,2026-05-20,17,4100,9800,0,0,1
A02,2026-05-20,18,2000,11600,0,0,1
A02,2026-05-20,19,1400,8500,0,0,1
A02,2026-05-20,20,1400,3100,0,0,1
A02,2026-05-21,9,4300,4100,0,0,0
A02,2026-05-21,10,1900,3100,0,0,0
A02,2026-05-21,11,3200,2300,0,0,0
A02,2026-05-21,12,5400,2100,0,0,0
A02,2026-05-21,13,1700,4300,0,0,0
A02,2026-05-21,14,3000,2400,0,0,0
A02,2026-05-21,15,2100,1400,0,0,0
A02,2026-05-21,16,2400,4700,0,0,0
A02,2026-05-21,17,2000,5300,0,0,0
A02,2026-05-21,18,3200,2100,0,0,0
A02,2026-05-21,19,800,1400,0,0,0
A02,2026-05-21,20,1600,3600,0,0,0
A02,2026-05-22,9,2000,3300,0,1,0
A02,2026-05-22,10,4800,2000,0,1,0
A02,2026-05-22,11,5900,2400,0,1,0
A02,2026-05-22,12,4300,2900,0,1,0
A02,2026-05-22,13,3900,3300,0,1,0
A02,2026-05-22,14,5800,2600,0,1,0
A02,2026-05-22,15,2300,4900,0,1,0
A02,2026-05-22,16,5700,7500,0,1,0
A02,2026-05-22,17,2000,3800,0,1,0
A02,2026-05-22,18,3800,8500,0,1,0
A02,2026-05-22,19,3100,5400,0,1,0
A02,2026-05-22,20,3100,3500,0,1,0
A02,2026-05-23,9,10700,4500,0,1,0
A02,2026-05-23,10,7600,2700,0,1,0
A02,2026-05-23,11,8700,3100,0,1,0
A02,2026-05-23,12,14300,4900,0,1,0
A02,2026-05-23,13,3500,3100,0,1,0
A02,2026-05-23,14,5600,2800,0,1,0
A02,2026-05-23,15,3700,4800,0,1,0
A02,2026-05-23,16,2400,5900,0,1,0
A02,2026-05-23,17,3900,7600,0,1,0
A02,2026-05-23,18,3600,10500,0,1,0
A02,2026-05-23,19,2200,1700,0,1,0
A02,2026-05-23,20,10100,3500,0,1,0
A02,2026-05-24,9,6800,4600,0,0,0
A02,2026-05-24,10,3400,4900,0,0,0
A02,2026-05-24,11,5600,3500,0,0,0
A02,2026-05-24,12,4300,3000,0,0,0
A02,2026-05-24,13,5200,2200,0,0,0
A02,2026-05-24,14,3000,4800,0,0,0
A02,2026-05-24,15,2600,6200,0,0,0
A02,2026-05-24,16,4600,5600,0,0,0
A02,2026-05-24,17,1900,5100,0,0,0
A02,2026-05-24,18,1900,13500,0,0,0
A02,2026-05-24,19,3800,5300,0,0,0
A02,2026-05-24,20,3400,3100,0,0,0
A02,2026-05-25,9,1400,4000,0,0,1
A02,2026-05-25,10,3500,3000,0,0,1
A02,2026-05-25,11,6100,1800,0,0,1
A02,2026-05-25,12,2600,1100,0,0,1
A02,2026-05-25,13,4900,1800,0,0,1
A02,2026-05-25,14,6000,2000,0,0,1
A02,2026-05-25,15,2300,5800,0,0,1
A02,2026-05-25,16,1800,7400,0,0,1
A02,2026-05-25,17,2900,10400,0,0,1
A02,2026-05-25,18,3200,12200,0,0,1
A02,2026-05-25,19,5000,8600,0,0,1
A02,2026-05-25,20,2000,3600,0,0,1
A02,2026-05-26,9,6000,3500,0,0,1
A02,2026-05-26,10,3300,1200,0,0,1
A02,2026-05-26,11,3200,2500,0,0,1
A02,2026-05-26,12,5500,2200,0,0,1
A02,2026-05-26,13,5700,1100,0,0,1
A02,2026-05-26,14,2800,1800,0,0,1
A02,2026-05-26,15,2900,7400,0,0,1
A02,2026-05-26,16,4300,12800,0,0,1
A02,2026-05-26,17,2200,14800,0,0,1
A02,2026-05-26,18,2500,8300,0,0,1
A02,2026-05-26,19,4600,14000,0,0,1
A02,2026-05-26,20,3900,10000,0,0,1
A02,2026-05-27,9,4400,3500,0,0,0
A02,2026-05-27,10,2700,4200,0,0,0
A02,2026-05-27,11,6900,4300,0,0,0
A02,2026-05-27,12,6900,2400,0,0,0
A02,2026-05-27,13,2000,1400,0,0,0
A02,2026-05-27,14,5600,3600,0,0,0
A02,2026-05-27,15,4800,4200,0,0,0
A02,2026-05-27,16,3400,7400,0,0,0
A02,2026-05-27,17,2400,3400,0,0,0
A02,2026-05-27,18,4400,8300,0,0,0
A02,2026-05-27,19,3900,3400,0,0,0
A02,2026-05-27,20,3200,1900,0,0,0
A02,2026-05-28,9,3200,4600,1,0,0
A02,2026-05-28,10,5500,9000,1,0,0
A02,2026-05-28,11,7900,6100,1,0,0
A02,2026-05-28,12,5700,4400,1,0,0
A02,2026-05-28,13,7700,5100,1,0,0
A02,2026-05-28,14,2900,6800,1,0,0
A02,2026-05-28,15,4500,9800,1,0,0
A02,2026-05-28,16,2300,17600,1,0,0
A02,2026-05-28,17,2300,9200,1,0,0
A02,2026-05-28,18,3000,6700,1,0,0
A02,2026-05-28,19,3200,11600,1,0,0
A02,2026-05-28,20,4100,9200,1,0,0
A02,2026-05-29,9,4300,2800,1,1,0
A02,2026-05-29,10,11100,2700,1,1,0
A02,2026-05-29,11,4000,3800,1,1,0
A02,2026-05-29,12,6700,2600,1,1,0
A02,2026-05-29,13,2600,3500,1,1,0
A02,2026-05-29,14,2700,3200,1,1,0
A02,2026-05-29,15,6100,7500,1,1,0
A02,2026-05-29,16,3200,20400,1,1,0
A02,2026-05-29,17,2700,10700,1,1,0
A02,2026-05-29,18,5200,13900,1,1,0
A02,2026-05-29,19,3400,8600,1,1,0
A02,2026-05-29,20,3200,8900,1,1,0
A02,2026-05-30,9,4500,5100,1,1,0
A02,2026-05-30,10,5100,6000,1,1,0
A02,2026-05-30,11,10600,7500,1,1,0
A02,2026-05-30,12,5700,3700,1,1,0
A02,2026-05-30,13,9600,5300,1,1,0
A02,2026-05-30,14,3500,4700,1,1,0
A02,2026-05-30,15,3800,6100,1,1,0
A02,2026-05-30,16,8600,12700,1,1,0
A02,2026-05-30,17,4800,15500,1,1,0
A02,2026-05-30,18,4600,11300,1,1,0
A02,2026-05-30,19,10000,9400,1,1,0
A02,2026-05-30,20,5800,4200,1,1,0
A02,2026-05-31,9,4300,2800,1,0,0
A02,2026-05-31,10,5100,2700,1,0,0
A02,2026-05-31,11,5500,5900,1,0,0
A02,2026-05-31,12,10300,3200,1,0,0
A02,2026-05-31,13,2800,4100,1,0,0
A02,2026-05-31,14,2200,6300,1,0,0
A02,2026-05-31,15,1600,13900,1,0,0
A02,2026-05-31,16,3100,4500,1,0,0
A02,2026-05-31,17,1600,6800,1,0,0
A02,2026-05-31,18,2600,15000,1,0,0
A02,2026-05-31,19,1800,5600,1,0,0
A02,2026-05-31,20,3100,4700,1,0,0
A02,2026-06-01,9,4500,7100,1,0,0
A02,2026-06-01,10,3700,4400,1,0,0
A02,2026-06-01,11,3400,2200,1,0,0
A02,2026-06-01,12,3100,1900,1,0,0
A02,2026-06-01,13,2600,7000,1,0,0
A02,2026-06-01,14,3600,8100,1,0,0
A02,2026-06-01,15,3100,14400,1,0,0
A02,2026-06-01,16,2700,6400,1,0,0
A02,2026-06-01,17,4500,8100,1,0,0
A02,2026-06-01,18,3100,10500,1,0,0
A02,2026-06-01,19,4600,8900,1,0,0
A02,2026-06-01,20,2700,3500,1,0,0
A02,2026-06-02,9,2200,7000,1,0,0
A02,2026-06-02,10,4900,3100,1,0,0
A02,2026-06-02,11,5200,6400,1,0,0
A02,2026-06-02,12,5000,5200,1,0,0
A02,2026-06-02,13,6800,7600,1,0,0
A02,2026-06-02,14,3100,3500,1,0,0
A02,2026-06-02,15,3600,11900,1,0,0
A02,2026-06-02,16,2100,10800,1,0,0
A02,2026-06-02,17,2900,16700,1,0,0
A02,2026-06-02,18,2500,10000,1,0,0
A02,2026-06-02,19,2100,11400,1,0,0
A02,2026-06-02,20,3200,5900,1,0,0
A02,2026-06-03,9,5600,2800,1,0,0
A02,2026-06-03,10,4100,4100,1,0,0
A02,2026-06-03,11,3500,3500,1,0,0
A02,2026-06-03,12,5700,4000,1,0,0
A02,2026-06-03,13,3500,3300,1,0,0
A02,2026-06-03,14,4100,6300,1,0,0
A02,2026-06-03,15,5200,9700,1,0,0
A02,2026-06-03,16,3300,6100,1,0,0
A02,2026-06-03,17,2300,13500,1,0,0
A02,2026-06-03,18,2500,12300,1,0,0
A02,2026-06-03,19,3100,9200,1,0,0
A02,2026-06-03,20,2500,8200,1,0,0
A03,2026-01-01,9,3400,2700,1,0,0
A03,2026-01-01,10,3700,2000,1,0,0
A03,2026-01-01,11,2300,3700,1,0,0
A03,2026-01-01,12,3400,2500,1,0,0
A03,2026-01-01,13,2900,5700,1,0,0
A03,2026-01-01,14,1800,3900,1,0,0
A03,2026-01-01,15,1600,4800,1,0,0
A03,2026-01-01,16,1200,5200,1,0,0
A03,2026-01-01,17,2400,10000,1,0,0
A03,2026-01-01,18,2300,4200,1,0,0
A03,2026-01-01,19,1300,2500,1,0,0
A03,2026-01-01,20,1400,4200,1,0,0
A03,2026-01-02,9,1900,3200,1,1,0
A03,2026-01-02,10,3200,3000,1,1,0
A03,2026-01-02,11,4100,4600,1,1,0
A03,2026-01-02,12,6300,2500,1,1,0
A03,2026-01-02,13,2200,2700,1,1,0
A03,2026-01-02,14,1900,3900,1,1,0
A03,2026-01-02,15,2100,8200,1,1,0
A03,2026-01-02,16,3200,4900,1,1,0
A03,2026-01-02,17,2900,9900,1,1,0
A03,2026-01-02,18,1900,12600,1,1,0
A03,2026-01-02,19,2400,3400,1,1,0
A03,2026-01-02,20,3000,4800,1,1,0
A03,2026-01-03,9,4800,3500,1,1,0
A03,2026-01-03,10,2900,2900,1,1,0
A03,2026-01-03,11,6500,2900,1,1,0
A03,2026-01-03,12,3800,1500,1,1,0
A03,2026-01-03,13,1900,4500,1,1,0
A03,2026-01-03,14,1800,5300,1,1,0
A03,2026-01-03,15,1500,2600,1,1,0
A03,2026-01-03,16,1900,4700,1,1,0
A03,2026-01-03,17,1100,6200,1,1,0
A03,2026-01-03,18,1000,4400,1,1,0
A03,2026-01-03,19,1000,7800,1,1,0
A03,2026-01-03,20,2500,3200,1,1,0
A03,2026-01-04,9,2400,1800,1,0,0
A03,2026-01-04,10,4000,3000,1,0,0
A03,2026-01-04,11,1800,3500,1,0,0
A03,2026-01-04,12,3200,900,1,0,0
A03,2026-01-04,13,3500,1300,1,0,0
A03,2026-01-04,14,2000,3900,1,0,0
A03,2026-01-04,15,1800,4000,1,0,0
A03,2026-01-04,16,1100,6500,1,0,0
A03,2026-01-04,17,1800,7800,1,0,0
A03,2026-01-04,18,1300,3700,1,0,0
A03,2026-01-04,19,1100,5300,1,0,0
A03,2026-01-04,20,2700,3000,1,0,0
A03,2026-01-05,9,2800,2500,1,0,0
A03,2026-01-05,10,2800,3700,1,0,0
A03,2026-01-05,11,7000,6200,1,0,0
A03,2026-01-05,12,4300,4600,1,0,0
A03,2026-01-05,13,3400,3000,1,0,0
A03,2026-01-05,14,2500,3900,1,0,0
A03,2026-01-05,15,1900,3500,1,0,0
A03,2026-01-05,16,2200,19200,1,0,0
A03,2026-01-05,17,2700,7300,1,0,0
A03,2026-01-05,18,1600,6600,1,0,0
A03,2026-01-05,19,1600,5400,1,0,0
A03,2026-01-05,20,2700,3500,1,0,0
A03,2026-01-06,9,1300,1700,0,0,0
A03,2026-01-06,10,2500,900,0,0,0
A03,2026-01-06,11,2300,700,0,0,0
A03,2026-01-06,12,1500,900,0,0,0
A03,2026-01-06,13,2300,1700,0,0,0
A03,2026-01-06,14,1500,1400,0,0,0
A03,2026-01-06,15,1100,2200,0,0,0
A03,2026-01-06,16,1100,2200,0,0,0
A03,2026-01-06,17,700,4000,0,0,0
A03,2026-01-06,18,900,1500,0,0,0
A03,2026-01-06,19,2000,2400,0,0,0
A03,2026-01-06,20,1600,1200,0,0,0
A03,2026-01-07,9,1700,1000,0,0,0
A03,2026-01-07,10,3600,1600,0,0,0
A03,2026-01-07,11,3000,3200,0,0,0
A03,2026-01-07,12,3200,900,0,0,0
A03,2026-01-07,13,1500,1400,0,0,0
A03,2026-01-07,14,2200,900,0,0,0
A03,2026-01-07,15,1400,4100,0,0,0
A03,2026-01-07,16,2500,3500,0,0,0
A03,2026-01-07,17,2600,4500,0,0,0
A03,2026-01-07,18,2300,5100,0,0,0
A03,2026-01-07,19,1900,1800,0,0,0
A03,2026-01-07,20,1400,1700,0,0,0
A03,2026-01-08,9,4800,700,0,0,0
A03,2026-01-08,10,2700,1400,0,0,0
A03,2026-01-08,11,2900,700,0,0,0
A03,2026-01-08,12,5500,2800,0,0,0
A03,2026-01-08,13,1900,2600,0,0,0
A03,2026-01-08,14,2700,2600,0,0,0
A03,2026-01-08,15,3000,3800,0,0,0
A03,2026-01-08,16,5100,1900,0,0,0
A03,2026-01-08,17,3200,5000,0,0,0
A03,2026-01-08,18,1900,3200,0,0,0
A03,2026-01-08,19,2200,2100,0,0,0
A03,2026-01-08,20,2500,2600,0,0,0
A03,2026-01-09,9,2600,1100,0,1,0
A03,2026-01-09,10,7400,2200,0,1,0
A03,2026-01-09,11,2000,1000,0,1,0
A03,2026-01-09,12,7200,1900,0,1,0
A03,2026-01-09,13,4000,900,0,1,0
A03,2026-01-09,14,2500,2500,0,1,0
A03,2026-01-09,15,2000,5300,0,1,0
A03,2026-01-09,16,2700,2700,0,1,0
A03,2026-01-09,17,3200,3400,0,1,0
A03,2026-01-09,18,4100,3600,0,1,0
A03,2026-01-09,19,2000,3400,0,1,0
A03,2026-01-09,20,2600,2400,0,1,0
A03,2026-01-10,9,3100,1800,0,1,0
A03,2026-01-10,10,6900,1200,0,1,0
A03,2026-01-10,11,2900,1200,0,1,0
A03,2026-01-10,12,3000,1600,0,1,0
A03,2026-01-10,13,2400,1800,0,1,0
A03,2026-01-10,14,2200,1500,0,1,0
A03,2026-01-10,15,1700,6100,0,1,0
A03,2026-01-10,16,1800,4800,0,1,0
A03,2026-01-10,17,1300,3000,0,1,0
A03,2026-01-10,18,2500,4400,0,1,0
A03,2026-01-10,19,2200,2500,0,1,0
A03,2026-01-10,20,1900,1800,0,1,0
A03,2026-01-11,9,2500,2600,0,0,0
A03,2026-01-11,10,2500,2200,0,0,0
A03,2026-01-11,11,8600,1200,0,0,0
A03,2026-01-11,12,2700,3200,0,0,0
A03,2026-01-11,13,3400,2100,0,0,0
A03,2026-01-11,14,2800,2300,0,0,0
A03,2026-01-11,15,2400,3400,0,0,0
A03,2026-01-11,16,2800,7800,0,0,0
A03,2026-01-11,17,1900,5400,0,0,0
A03,2026-01-11,18,1600,3600,0,0,0
A03,2026-01-11,19,2900,4800,0,0,0
A03,2026-01-11,20,1300,1500,0,0,0
A03,2026-01-12,9,1900,1400,0,0,0
A03,2026-01-12,10,2500,1700,0,0,0
A03,2026-01-12,11,2400,4100,0,0,0
A03,2026-01-12,12,2500,3800,0,0,0
A03,2026-01-12,13,2300,1900,0,0,0
A03,2026-01-12,14,3300,1500,0,0,0
A03,2026-01-12,15,3100,3100,0,0,0
A03,2026-01-12,16,2300,3200,0,0,0
A03,2026-01-12,17,2800,6600,0,0,0
A03,2026-01-12,18,4900,3300,0,0,0
A03,2026-01-12,19,1100,2900,0,0,0
A03,2026-01-12,20,1100,1800,0,0,0
A03,2026-01-13,9,3200,1500,0,0,1
A03,2026-01-13,10,4500,1600,0,0,1
A03,2026-01-13,11,3500,1900,0,0,1
A03,2026-01-13,12,3200,1300,0,0,1
A03,2026-01-13,13,4400,1300,0,0,1
A03,2026-01-13,14,1000,1900,0,0,1
A03,2026-01-13,15,2100,7300,0,0,1
A03,2026-01-13,16,1500,13800,0,0,1
A03,2026-01-13,17,2400,7900,0,0,1
A03,2026-01-13,18,2500,3700,0,0,1
A03,2026-01-13,19,1900,7500,0,0,1
A03,2026-01-13,20,1500,7200,0,0,1
A03,2026-01-14,9,2800,1400,0,0,0
A03,2026-01-14,10,5700,2200,0,0,0
A03,2026-01-14,11,3100,1200,0,0,0
A03,2026-01-14,12,2200,1600,0,0,0
A03,2026-01-14,13,4700,1200,0,0,0
A03,2026-01-14,14,2100,2400,0,0,0
A03,2026-01-14,15,1600,1700,0,0,0
A03,2026-01-14,16,1300,4100,0,0,0
A03,2026-01-14,17,2800,2600,0,0,0
A03,2026-01-14,18,2100,1100,0,0,0
A03,2026-01-14,19,2200,3100,0,0,0
A03,2026-01-14,20,2900,2100,0,0,0
A03,2026-01-15,9,1200,900,0,0,0
A03,2026-01-15,10,1300,2200,0,0,0
A03,2026-01-15,11,2200,1000,0,0,0
A03,2026-01-15,12,1900,1100,0,0,0
A03,2026-01-15,13,1400,2100,0,0,0
A03,2026-01-15,14,2100,1400,0,0,0
A03,2026-01-15,15,4200,2700,0,0,0
A03,2026-01-15,16,3400,3100,0,0,0
A03,2026-01-15,17,1100,6400,0,0,0
A03,2026-01-15,18,1100,3800,0,0,0
A03,2026-01-15,19,1400,3400,0,0,0
A03,2026-01-15,20,1600,2200,0,0,0
A03,2026-01-16,9,3300,1700,0,1,0
A03,2026-01-16,10,5800,1400,0,1,0
A03,2026-01-16,11,3900,1600,0,1,0
A03,2026-01-16,12,5500,1300,0,1,0
A03,2026-01-16,13,3000,1000,0,1,0
A03,2026-01-16,14,4500,2200,0,1,0
A03,2026-01-16,15,4900,1300,0,1,0
A03,2026-01-16,16,1700,3200,0,1,0
A03,2026-01-16,17,6100,1900,0,1,0
A03,2026-01-16,18,3200,7000,0,1,0
A03,2026-01-16,19,2500,4000,0,1,0
A03,2026-01-16,20,3400,2000,0,1,0
A03,2026-01-17,9,4300,4100,0,1,1
A03,2026-01-17,10,3800,2300,0,1,1
A03,2026-01-17,11,4400,2400,0,1,1
A03,2026-01-17,12,6200,1700,0,1,1
A03,2026-01-17,13,2300,2200,0,1,1
A03,2026-01-17,14,2500,2000,0,1,1
A03,2026-01-17,15,3400,8900,0,1,1
A03,2026-01-17,16,1800,5400,0,1,1
A03,2026-01-17,17,3300,8200,0,1,1
A03,2026-01-17,18,2300,11400,0,1,1
A03,2026-01-17,19,4300,6000,0,1,1
A03,2026-01-17,20,1000,3500,0,1,1
A03,2026-01-18,9,2000,1100,0,0,0
A03,2026-01-18,10,1800,1100,0,0,0
A03,2026-01-18,11,3100,1100,0,0,0
A03,2026-01-18,12,5200,800,0,0,0
A03,2026-01-18,13,4700,2400,0,0,0
A03,2026-01-18,14,2400,1500,0,0,0
A03,2026-01-18,15,4300,1500,0,0,0
A03,2026-01-18,16,1700,2200,0,0,0
A03,2026-01-18,17,900,2400,0,0,0
A03,2026-01-18,18,1400,2200,0,0,0
A03,2026-01-18,19,1600,3500,0,0,0
A03,2026-01-18,20,2500,1700,0,0,0
A03,2026-01-19,9,3900,800,0,0,1
A03,2026-01-19,10,2900,2300,0,0,1
A03,2026-01-19,11,4500,900,0,0,1
A03,2026-01-19,12,2200,1700,0,0,1
A03,2026-01-19,13,3100,500,0,0,1
A03,2026-01-19,14,2400,2400,0,0,1
A03,2026-01-19,15,1900,6300,0,0,1
A03,2026-01-19,16,1800,10900,0,0,1
A03,2026-01-19,17,600,14300,0,0,1
A03,2026-01-19,18,2200,4300,0,0,1
A03,2026-01-19,19,1200,8000,0,0,1
A03,2026-01-19,20,1200,2300,0,0,1
A03,2026-01-20,9,1500,1500,0,0,0
A03,2026-01-20,10,2400,2100,0,0,0
A03,2026-01-20,11,1500,2600,0,0,0
A03,2026-01-20,12,2400,3600,0,0,0
A03,2026-01-20,13,1100,2500,0,0,0
A03,2026-01-20,14,2900,2000,0,0,0
A03,2026-01-20,15,4600,4400,0,0,0
A03,2026-01-20,16,2200,3100,0,0,0
A03,2026-01-20,17,3000,5300,0,0,0
A03,2026-01-20,18,2100,4000,0,0,0
A03,2026-01-20,19,1300,8100,0,0,0
A03,2026-01-20,20,900,1900,0,0,0
A03,2026-01-21,9,2200,1300,0,0,0
A03,2026-01-21,10,1900,1800,0,0,0
A03,2026-01-21,11,2700,2000,0,0,0
A03,2026-01-21,12,2700,2000,0,0,0
A03,2026-01-21,13,2300,1700,0,0,0
A03,2026-01-21,14,1300,2600,0,0,0
A03,2026-01-21,15,1600,2300,0,0,0
A03,2026-01-21,16,3100,3600,0,0,0
A03,2026-01-21,17,2200,3000,0,0,0
A03,2026-01-21,18,2400,2400,0,0,0
A03,2026-01-21,19,1800,1500,0,0,0
A03,2026-01-21,20,1700,1300,0,0,0
A03,2026-01-22,9,2000,1400,0,0,0
A03,2026-01-22,10,3300,2100,0,0,0
A03,2026-01-22,11,7500,3500,0,0,0
A03,2026-01-22,12,1600,1800,0,0,0
A03,2026-01-22,13,2200,1700,0,0,0
A03,2026-01-22,14,1400,3000,0,0,0
A03,2026-01-22,15,1700,5000,0,0,0
A03,2026-01-22,16,1500,6900,0,0,0
A03,2026-01-22,17,1800,5800,0,0,0
A03,2026-01-22,18,2900,9900,0,0,0
A03,2026-01-22,19,2000,4900,0,0,0
A03,2026-01-22,20,1900,2700,0,0,0
A03,2026-01-23,9,5100,1800,0,1,0
A03,2026-01-23,10,4300,1400,0,1,0
A03,2026-01-23,11,4200,600,0,1,0
A03,2026-01-23,12,7300,3800,0,1,0
A03,2026-01-23,13,4900,1500,0,1,0
A03,2026-01-23,14,3500,1900,0,1,0
A03,2026-01-23,15,1800,3700,0,1,0
A03,2026-01-23,16,1900,3200,0,1,0
A03,2026-01-23,17,2300,4600,0,1,0
A03,2026-01-23,18,2100,3700,0,1,0
A03,2026-01-23,19,3500,3800,0,1,0
A03,2026-01-23,20,3500,2600,0,1,0
A03,2026-01-24,9,3200,1300,0,1,0
A03,2026-01-24,10,6100,900,0,1,0
A03,2026-01-24,11,2200,1600,0,1,0
A03,2026-01-24,12,4200,2100,0,1,0
A03,2026-01-24,13,3500,1300,0,1,0
A03,2026-01-24,14,5200,1400,0,1,0
A03,2026-01-24,15,1300,1000,0,1,0
A03,2026-01-24,16,1800,3500,0,1,0
A03,2026-01-24,17,900,6500,0,1,0
A03,2026-01-24,18,3300,4000,0,1,0
A03,2026-01-24,19,2400,1300,0,1,0
A03,2026-01-24,20,1900,2200,0,1,0
A03,2026-01-25,9,1500,1600,0,0,0
A03,2026-01-25,10,1600,1300,0,0,0
A03,2026-01-25,11,4500,1500,0,0,0
A03,2026-01-25,12,4100,2000,0,0,0
A03,2026-01-25,13,2000,1400,0,0,0
A03,2026-01-25,14,2300,1800,0,0,0
A03,2026-01-25,15,1400,3800,0,0,0
A03,2026-01-25,16,2800,4100,0,0,0
A03,2026-01-25,17,3700,3600,0,0,0
A03,2026-01-25,18,1800,6100,0,0,0
A03,2026-01-25,19,2800,3500,0,0,0
A03,2026-01-25,20,2700,2100,0,0,0
A03,2026-01-26,9,2100,1100,0,0,0
A03,2026-01-26,10,2000,800,0,0,0
A03,2026-01-26,11,1900,1300,0,0,0
A03,2026-01-26,12,1600,500,0,0,0
A03,2026-01-26,13,1000,900,0,0,0
A03,2026-01-26,14,1000,1600,0,0,0
A03,2026-01-26,15,2000,1300,0,0,0
A03,2026-01-26,16,2400,2700,0,0,0
A03,2026-01-26,17,1900,2400,0,0,0
A03,2026-01-26,18,1300,6400,0,0,0
A03,2026-01-26,19,1700,3100,0,0,0
A03,2026-01-26,20,1000,1500,0,0,0
A03,2026-01-27,9,1300,3700,0,0,1
A03,2026-01-27,10,3000,1200,0,0,1
A03,2026-01-27,11,4700,1500,0,0,1
A03,2026-01-27,12,3900,2300,0,0,1
A03,2026-01-27,13,5800,2300,0,0,1
A03,2026-01-27,14,1800,2800,0,0,1
A03,2026-01-27,15,2900,9300,0,0,1
A03,2026-01-27,16,2000,8600,0,0,1
A03,2026-01-27,17,2000,8400,0,0,1
A03,2026-01-27,18,1400,5000,0,0,1
A03,2026-01-27,19,1800,3800,0,0,1
A03,2026-01-27,20,2000,10700,0,0,1
A03,2026-01-28,9,1900,4800,1,0,0
A03,2026-01-28,10,2300,3400,1,0,0
A03,2026-01-28,11,5000,2900,1,0,0
A03,2026-01-28,12,6400,3000,1,0,0
A03,2026-01-28,13,7900,1400,1,0,0
A03,2026-01-28,14,1900,2800,1,0,0
A03,2026-01-28,15,3400,4300,1,0,0
A03,2026-01-28,16,3000,7600,1,0,0
A03,2026-01-28,17,3100,10600,1,0,0
A03,2026-01-28,18,3500,6200,1,0,0
A03,2026-01-28,19,1700,5900,1,0,0
A03,2026-01-28,20,1900,5300,1,0,0
A03,2026-01-29,9,2400,1000,1,0,0
A03,2026-01-29,10,2200,3200,1,0,0
A03,2026-01-29,11,3000,2800,1,0,0
A03,2026-01-29,12,3400,900,1,0,0
A03,2026-01-29,13,1100,2500,1,0,0
A03,2026-01-29,14,2900,3400,1,0,0
A03,2026-01-29,15,1600,6300,1,0,0
A03,2026-01-29,16,2000,5600,1,0,0
A03,2026-01-29,17,2000,4600,1,0,0
A03,2026-01-29,18,1800,7700,1,0,0
A03,2026-01-29,19,2700,5000,1,0,0
A03,2026-01-29,20,1700,2400,1,0,0
A03,2026-01-30,9,3000,5200,1,1,0
A03,2026-01-30,10,3700,2100,1,1,0
A03,2026-01-30,11,2600,4700,1,1,0
A03,2026-01-30,12,2900,3000,1,1,0
A03,2026-01-30,13,4000,1400,1,1,0
A03,2026-01-30,14,1100,3700,1,1,0
A03,2026-01-30,15,2400,3700,1,1,0
A03,2026-01-30,16,2600,11400,1,1,0
A03,2026-01-30,17,5400,17100,1,1,0
A03,2026-01-30,18,1800,6800,1,1,0
A03,2026-01-30,19,2700,3200,1,1,0
A03,2026-01-30,20,3400,8400,1,1,0
A03,2026-01-31,9,4800,1800,1,1,0
A03,2026-01-31,10,3300,3400,1,1,0
A03,2026-01-31,11,3400,2500,1,1,0
A03,2026-01-31,12,7500,4700,1,1,0
A03,2026-01-31,13,4400,3700,1,1,0
A03,2026-01-31,14,3600,5800,1,1,0
A03,2026-01-31,15,2500,3800,1,1,0
A03,2026-01-31,16,3400,5200,1,1,0
A03,2026-01-31,17,2900,12900,1,1,0
A03,2026-01-31,18,1300,9400,1,1,0
A03,2026-01-31,19,3000,5000,1,1,0
A03,2026-01-31,20,2200,3200,1,1,0
A03,2026-02-01,9,2500,2700,1,0,0
A03,2026-02-01,10,3400,1900,1,0,0
A03,2026-02-01,11,3800,2400,1,0,0
A03,2026-02-01,12,5500,1500,1,0,0
A03,2026-02-01,13,4700,4400,1,0,0
A03,2026-02-01,14,4000,2900,1,0,0
A03,2026-02-01,15,1700,3200,1,0,0
A03,2026-02-01,16,3100,8500,1,0,0
A03,2026-02-01,17,1200,17500,1,0,0
A03,2026-02-01,18,2300,9100,1,0,0
A03,2026-02-01,19,2900,16500,1,0,0
A03,2026-02-01,20,1200,2000,1,0,0
A03,2026-02-02,9,2000,1800,1,0,0
A03,2026-02-02,10,5300,4800,1,0,0
A03,2026-02-02,11,3300,6800,1,0,0
A03,2026-02-02,12,4300,2500,1,0,0
A03,2026-02-02,13,2200,4400,1,0,0
A03,2026-02-02,14,900,1900,1,0,0
A03,2026-02-02,15,2200,7500,1,0,0
A03,2026-02-02,16,3400,12500,1,0,0
A03,2026-02-02,17,2300,10500,1,0,0
A03,2026-02-02,18,2900,10300,1,0,0
A03,2026-02-02,19,2200,12500,1,0,0
A03,2026-02-02,20,2200,4000,1,0,0
A03,2026-02-03,9,4800,3300,1,0,0
A03,2026-02-03,10,6000,4700,1,0,0
A03,2026-02-03,11,1800,2100,1,0,0
A03,2026-02-03,12,1100,2900,1,0,0
A03,2026-02-03,13,1800,3600,1,0,0
A03,2026-02-03,14,2200,3900,1,0,0
A03,2026-02-03,15,4700,6800,1,0,0
A03,2026-02-03,16,1400,13000,1,0,0
A03,2026-02-03,17,2800,7600,1,0,0
A03,2026-02-03,18,1000,7100,1,0,0
A03,2026-02-03,19,3000,6700,1,0,0
A03,2026-02-03,20,2500,4100,1,0,0
A03,2026-02-04,9,2500,4600,1,0,0
A03,2026-02-04,10,3100,2400,1,0,0
A03,2026-02-04,11,4500,1600,1,0,0
A03,2026-02-04,12,2700,2900,1,0,0
A03,2026-02-04,13,2200,2200,1,0,0
A03,2026-02-04,14,2400,1800,1,0,0
A03,2026-02-04,15,2300,3900,1,0,0
A03,2026-02-04,16,1400,6700,1,0,0
A03,2026-02-04,17,1200,8400,1,0,0
A03,2026-02-04,18,2100,7400,1,0,0
A03,2026-02-04,19,1300,11300,1,0,0
A03,2026-02-04,20,2100,4800,1,0,0
A03,2026-02-05,9,4300,4000,1,0,0
A03,2026-02-05,10,2000,3000,1,0,0
A03,2026-02-05,11,4300,4400,1,0,0
A03,2026-02-05,12,6300,2400,1,0,0
A03,2026-02-05,13,1800,2400,1,0,0
A03,2026-02-05,14,1600,4100,1,0,0
A03,2026-02-05,15,3200,5300,1,0,0
A03,2026-02-05,16,1700,5600,1,0,0
A03,2026-02-05,17,2000,5800,1,0,0
A03,2026-02-05,18,5400,3000,1,0,0
A03,2026-02-05,19,1600,8400,1,0,0
A03,2026-02-05,20,1200,2700,1,0,0
A03,2026-02-06,9,2600,1300,0,1,0
A03,2026-02-06,10,5600,1000,0,1,0
A03,2026-02-06,11,5800,1700,0,1,0
A03,2026-02-06,12,4600,1300,0,1,0
A03,2026-02-06,13,4100,2600,0,1,0
A03,2026-02-06,14,1700,3700,0,1,0
A03,2026-02-06,15,2300,4000,0,1,0
A03,2026-02-06,16,2100,4400,0,1,0
A03,2026-02-06,17,2800,6300,0,1,0
A03,2026-02-06,18,3400,3200,0,1,0
A03,2026-02-06,19,4000,3600,0,1,0
A03,2026-02-06,20,1400,2800,0,1,0
A03,2026-02-07,9,3700,1600,0,1,0
A03,2026-02-07,10,5300,1400,0,1,0
A03,2026-02-07,11,3500,2600,0,1,0
A03,2026-02-07,12,3500,1300,0,1,0
A03,2026-02-07,13,3000,2400,0,1,0
A03,2026-02-07,14,1700,3300,0,1,0
A03,2026-02-07,15,3500,2400,0,1,0
A03,2026-02-07,16,2800,3000,0,1,0
A03,2026-02-07,17,2600,2900,0,1,0
A03,2026-02-07,18,1600,6200,0,1,0
A03,2026-02-07,19,1400,5400,0,1,0
A03,2026-02-07,20,1200,1100,0,1,0
A03,2026-02-08,9,2600,700,0,0,1
A03,2026-02-08,10,1800,2300,0,0,1
A03,2026-02-08,11,2300,1600,0,0,1
A03,2026-02-08,12,2400,1200,0,0,1
A03,2026-02-08,13,2200,1700,0,0,1
A03,2026-02-08,14,2300,1300,0,0,1
A03,2026-02-08,15,1000,2900,0,0,1
A03,2026-02-08,16,1300,2200,0,0,1
A03,2026-02-08,17,1000,7200,0,0,1
A03,2026-02-08,18,1000,4700,0,0,1
A03,2026-02-08,19,1200,9800,0,0,1
A03,2026-02-08,20,1100,3500,0,0,1
A03,2026-02-09,9,1800,2300,0,0,0
A03,2026-02-09,10,2300,1700,0,0,0
A03,2026-02-09,11,4000,1100,0,0,0
A03,2026-02-09,12,4000,2300,0,0,0
A03,2026-02-09,13,2400,2100,0,0,0
A03,2026-02-09,14,1400,1500,0,0,0
A03,2026-02-09,15,2400,3700,0,0,0
A03,2026-02-09,16,2600,7800,0,0,0
A03,2026-02-09,17,1300,2600,0,0,0
A03,2026-02-09,18,1400,3400,0,0,0
A03,2026-02-09,19,1200,2300,0,0,0
A03,2026-02-09,20,4800,1800,0,0,0
A03,2026-02-10,9,2500,1600,0,0,0
A03,2026-02-10,10,3400,2400,0,0,0
A03,2026-02-10,11,3600,1400,0,0,0
A03,2026-02-10,12,2600,1800,0,0,0
A03,2026-02-10,13,2100,1400,0,0,0
A03,2026-02-10,14,3200,3900,0,0,0
A03,2026-02-10,15,2000,2000,0,0,0
A03,2026-02-10,16,2000,7100,0,0,0
A03,2026-02-10,17,3400,3400,0,0,0
A03,2026-02-10,18,1400,3000,0,0,0
A03,2026-02-10,19,1000,2400,0,0,0
A03,2026-02-10,20,2300,1400,0,0,0
A03,2026-02-11,9,2900,900,0,0,1
A03,2026-02-11,10,1400,2000,0,0,1
A03,2026-02-11,11,3100,900,0,0,1
A03,2026-02-11,12,4000,1100,0,0,1
A03,2026-02-11,13,1700,1200,0,0,1
A03,2026-02-11,14,2400,700,0,0,1
A03,2026-02-11,15,3800,3200,0,0,1
A03,2026-02-11,16,1700,3100,0,0,1
A03,2026-02-11,17,1400,6100,0,0,1
A03,2026-02-11,18,1600,6200,0,0,1
A03,2026-02-11,19,900,3200,0,0,1
A03,2026-02-11,20,2200,3200,0,0,1
A03,2026-02-12,9,1300,1200,0,0,1
A03,2026-02-12,10,4200,1800,0,0,1
A03,2026-02-12,11,3500,1000,0,0,1
A03,2026-02-12,12,2500,1700,0,0,1
A03,2026-02-12,13,5000,1500,0,0,1
A03,2026-02-12,14,2000,2400,0,0,1
A03,2026-02-12,15,2400,14000,0,0,1
A03,2026-02-12,16,2600,10100,0,0,1
A03,2026-02-12,17,2400,9100,0,0,1
A03,2026-02-12,18,1600,11400,0,0,1
A03,2026-02-12,19,1900,11000,0,0,1
A03,2026-02-12,20,1400,5100,0,0,1
A03,2026-02-13,9,6300,1800,0,1,0
A03,2026-02-13,10,4500,1900,0,1,0
A03,2026-02-13,11,2500,1400,0,1,0
A03,2026-02-13,12,2200,3100,0,1,0
A03,2026-02-13,13,3100,2200,0,1,0
A03,2026-02-13,14,4000,1800,0,1,0
A03,2026-02-13,15,3100,4400,0,1,0
A03,2026-02-13,16,4100,4400,0,1,0
A03,2026-02-13,17,2900,2600,0,1,0
A03,2026-02-13,18,2500,1900,0,1,0
A03,2026-02-13,19,3400,3300,0,1,0
A03,2026-02-13,20,2100,2500,0,1,0
A03,2026-02-14,9,2100,1200,0,1,0
A03,2026-02-14,10,1100,700,0,1,0
A03,2026-02-14,11,2800,1100,0,1,0
A03,2026-02-14,12,1700,1400,0,1,0
A03,2026-02-14,13,3200,1400,0,1,0
A03,2026-02-14,14,2100,1600,0,1,0
A03,2026-02-14,15,1700,3700,0,1,0
A03,2026-02-14,16,1600,3900,0,1,0
A03,2026-02-14,17,2300,2200,0,1,0
A03,2026-02-14,18,2400,2200,0,1,0
A03,2026-02-14,19,2500,4400,0,1,0
A03,2026-02-14,20,3900,2900,0,1,0
A03,2026-02-15,9,2300,1800,0,0,0
A03,2026-02-15,10,2100,2000,0,0,0
A03,2026-02-15,11,2400,1700,0,0,0
A03,2026-02-15,12,2300,1100,0,0,0
A03,2026-02-15,13,1700,1800,0,0,0
A03,2026-02-15,14,3500,1900,0,0,0
A03,2026-02-15,15,1000,3600,0,0,0
A03,2026-02-15,16,2800,7100,0,0,0
A03,2026-02-15,17,1400,4300,0,0,0
A03,2026-02-15,18,2100,2900,0,0,0
A03,2026-02-15,19,1300,3500,0,0,0
A03,2026-02-15,20,1900,3800,0,0,0
A03,2026-02-16,9,5100,2800,0,0,1
A03,2026-02-16,10,2200,5100,0,0,1
A03,2026-02-16,11,6400,2700,0,0,1
A03,2026-02-16,12,2900,3500,0,0,1
A03,2026-02-16,13,1800,2100,0,0,1
A03,2026-02-16,14,1600,3200,0,0,1
A03,2026-02-16,15,3900,11900,0,0,1
A03,2026-02-16,16,1900,10700,0,0,1
A03,2026-02-16,17,2600,16100,0,0,1
A03,2026-02-16,18,1800,12100,0,0,1
A03,2026-02-16,19,3100,8700,0,0,1
A03,2026-02-16,20,2400,6700,0,0,1
A03,2026-02-17,9,3000,2100,0,0,0
A03,2026-02-17,10,3000,3000,0,0,0
A03,2026-02-17,11,2700,1900,0,0,0
A03,2026-02-17,12,3200,1800,0,0,0
A03,2026-02-17,13,3100,1200,0,0,0
A03,2026-02-17,14,1800,2800,0,0,0
A03,2026-02-17,15,1400,3500,0,0,0
A03,2026-02-17,16,1300,4100,0,0,0
A03,2026-02-17,17,1900,4000,0,0,0
A03,2026-02-17,18,2200,8800,0,0,0
A03,2026-02-17,19,2100,2800,0,0,0
A03,2026-02-17,20,3500,1800,0,0,0
A03,2026-02-18,9,3600,1100,0,0,0
A03,2026-02-18,10,3900,1100,0,0,0
A03,2026-02-18,11,2500,1500,0,0,0
A03,2026-02-18,12,7000,1900,0,0,0
A03,2026-02-18,13,2300,3100,0,0,0
A03,2026-02-18,14,3800,3000,0,0,0
A03,2026-02-18,15,3600,2000,0,0,0
A03,2026-02-18,16,2500,2500,0,0,0
A03,2026-02-18,17,2300,3200,0,0,0
A03,2026-02-18,18,4100,5400,0,0,0
A03,2026-02-18,19,3000,4000,0,0,0
A03,2026-02-18,20,2000,900,0,0,0
A03,2026-02-19,9,1400,2400,0,0,0
A03,2026-02-19,10,3200,2400,0,0,0
A03,2026-02-19,11,4400,1400,0,0,0
A03,2026-02-19,12,2600,3000,0,0,0
A03,2026-02-19,13,1800,3100,0,0,0
A03,2026-02-19,14,4000,2300,0,0,0
A03,2026-02-19,15,1800,1800,0,0,0
A03,2026-02-19,16,2000,3600,0,0,0
A03,2026-02-19,17,1400,4500,0,0,0
A03,2026-02-19,18,1900,7500,0,0,0
A03,2026-02-19,19,2200,1700,0,0,0
A03,2026-02-19,20,1600,3700,0,0,0
A03,2026-02-20,9,10400,1400,0,1,0
A03,2026-02-20,10,5800,3300,0,1,0
A03,2026-02-20,11,7800,2000,0,1,0
A03,2026-02-20,12,6800,1300,0,1,0
A03,2026-02-20,13,3300,2800,0,1,0
A03,2026-02-20,14,5600,3000,0,1,0
A03,2026-02-20,15,4500,3200,0,1,0
A03,2026-02-20,16,2600,7500,0,1,0
A03,2026-02-20,17,5300,7100,0,1,0
A03,2026-02-20,18,2500,20000,0,1,0
A03,2026-02-20,19,3900,4900,0,1,0
A03,2026-02-20,20,2900,4400,0,1,0
A03,2026-02-21,9,3500,1900,0,1,0
A03,2026-02-21,10,2700,1400,0,1,0
A03,2026-02-21,11,4800,1300,0,1,0
A03,2026-02-21,12,9000,1000,0,1,0
A03,2026-02-21,13,3700,1800,0,1,0
A03,2026-02-21,14,5100,2200,0,1,0
A03,2026-02-21,15,4800,1800,0,1,0
A03,2026-02-21,16,2400,2700,0,1,0
A03,2026-02-21,17,2000,7200,0,1,0
A03,2026-02-21,18,1100,5500,0,1,0
A03,2026-02-21,19,1500,2200,0,1,0
A03,2026-02-21,20,3100,2400,0,1,0
A03,2026-02-22,9,4300,2800,0,0,0
A03,2026-02-22,10,2600,2100,0,0,0
A03,2026-02-22,11,2400,1500,0,0,0
A03,2026-02-22,12,3100,1500,0,0,0
A03,2026-02-22,13,2300,4000,0,0,0
A03,2026-02-22,14,1300,2900,0,0,0
A03,2026-02-22,15,1500,2100,0,0,0
A03,2026-02-22,16,1700,6100,0,0,0
A03,2026-02-22,17,1700,7200,0,0,0
A03,2026-02-22,18,1700,3500,0,0,0
A03,2026-02-22,19,2500,2900,0,0,0
A03,2026-02-22,20,1400,2700,0,0,0
A03,2026-02-23,9,2200,2000,0,0,0
A03,2026-02-23,10,4600,3600,0,0,0
A03,2026-02-23,11,3800,3700,0,0,0
A03,2026-02-23,12,6700,1100,0,0,0
A03,2026-02-23,13,6000,2300,0,0,0
A03,2026-02-23,14,1700,2900,0,0,0
A03,2026-02-23,15,1700,3300,0,0,0
A03,2026-02-23,16,4800,3400,0,0,0
A03,2026-02-23,17,2300,6700,0,0,0
A03,2026-02-23,18,1700,4000,0,0,0
A03,2026-02-23,19,2400,1200,0,0,0
A03,2026-02-23,20,1900,2800,0,0,0
A03,2026-02-24,9,1200,800,0,0,0
A03,2026-02-24,10,1900,1700,0,0,0
A03,2026-02-24,11,3500,1800,0,0,0
A03,2026-02-24,12,3500,1400,0,0,0
A03,2026-02-24,13,2900,1000,0,0,0
A03,2026-02-24,14,2500,3200,0,0,0
A03,2026-02-24,15,3000,2800,0,0,0
A03,2026-02-24,16,1100,5000,0,0,0
A03,2026-02-24,17,700,4900,0,0,0
A03,2026-02-24,18,1100,5000,0,0,0
A03,2026-02-24,19,3400,3300,0,0,0
A03,2026-02-24,20,1800,4300,0,0,0
A03,2026-02-25,9,2000,800,0,0,0
A03,2026-02-25,10,2600,2200,0,0,0
A03,2026-02-25,11,2300,2400,0,0,0
A03,2026-02-25,12,3900,2500,0,0,0
A03,2026-02-25,13,4200,2800,0,0,0
A03,2026-02-25,14,2000,2900,0,0,0
A03,2026-02-25,15,3100,1200,0,0,0
A03,2026-02-25,16,1300,3000,0,0,0
A03,2026-02-25,17,2200,4900,0,0,0
A03,2026-02-25,18,2000,4600,0,0,0
A03,2026-02-25,19,2800,1600,0,0,0
A03,2026-02-25,20,2000,1300,0,0,0
A03,2026-02-26,9,1600,1700,0,0,0
A03,2026-02-26,10,2800,1700,0,0,0
A03,2026-02-26,11,3500,1600,0,0,0
A03,2026-02-26,12,2200,1800,0,0,0
A03,2026-02-26,13,5600,3500,0,0,0
A03,2026-02-26,14,1700,1700,0,0,0
A03,2026-02-26,15,2600,1400,0,0,0
A03,2026-02-26,16,1600,5700,0,0,0
A03,2026-02-26,17,1200,2600,0,0,0
A03,2026-02-26,18,1500,2700,0,0,0
A03,2026-02-26,19,2300,4200,0,0,0
A03,2026-02-26,20,1500,2000,0,0,0
A03,2026-02-27,9,2700,800,0,1,0
A03,2026-02-27,10,1800,1700,0,1,0
A03,2026-02-27,11,3200,800,0,1,0
A03,2026-02-27,12,4400,900,0,1,0
A03,2026-02-27,13,2800,2600,0,1,0
A03,2026-02-27,14,2400,800,0,1,0
A03,2026-02-27,15,2500,5400,0,1,0
A03,2026-02-27,16,2400,11400,0,1,0
A03,2026-02-27,17,1800,3400,0,1,0
A03,2026-02-27,18,2400,5300,0,1,0
A03,2026-02-27,19,1900,1800,0,1,0
A03,2026-02-27,20,1700,1300,0,1,0
A03,2026-02-28,9,2900,2300,1,1,0
A03,2026-02-28,10,8800,3200,1,1,0
A03,2026-02-28,11,5100,2300,1,1,0
A03,2026-02-28,12,2800,4300,1,1,0
A03,2026-02-28,13,3500,3500,1,1,0
A03,2026-02-28,14,2300,2500,1,1,0
A03,2026-02-28,15,3300,3400,1,1,0
A03,2026-02-28,16,1400,4700,1,1,0
A03,2026-02-28,17,1100,8200,1,1,0
A03,2026-02-28,18,1800,6200,1,1,0
A03,2026-02-28,19,3200,2200,1,1,0
A03,2026-02-28,20,1300,3200,1,1,0
A03,2026-03-01,9,2300,7600,1,0,0
A03,2026-03-01,10,3800,5100,1,0,0
A03,2026-03-01,11,3800,2600,1,0,0
A03,2026-03-01,12,2800,1300,1,0,0
A03,2026-03-01,13,4600,5300,1,0,0
A03,2026-03-01,14,2200,8000,1,0,0
A03,2026-03-01,15,3100,8600,1,0,0
A03,2026-03-01,16,1300,5800,1,0,0
A03,2026-03-01,17,1900,12000,1,0,0
A03,2026-03-01,18,2700,10200,1,0,0
A03,2026-03-01,19,2900,5900,1,0,0
A03,2026-03-01,20,3500,15300,1,0,0
A03,2026-03-02,9,2300,4400,1,0,0
A03,2026-03-02,10,3800,3500,1,0,0
A03,2026-03-02,11,3900,3100,1,0,0
A03,2026-03-02,12,2500,4100,1,0,0
A03,2026-03-02,13,4800,7100,1,0,0
A03,2026-03-02,14,2200,1400,1,0,0
A03,2026-03-02,15,2300,5000,1,0,0
A03,2026-03-02,16,1800,7900,1,0,0
A03,2026-03-02,17,2100,10500,1,0,0
A03,2026-03-02,18,800,9100,1,0,0
A03,2026-03-02,19,1500,5400,1,0,0
A03,2026-03-02,20,2100,4200,1,0,0
A03,2026-03-03,9,3500,3600,1,0,0
A03,2026-03-03,10,2400,4800,1,0,0
A03,2026-03-03,11,7500,3000,1,0,0
A03,2026-03-03,12,3800,2300,1,0,0
A03,2026-03-03,13,5100,2100,1,0,0
A03,2026-03-03,14,1900,3000,1,0,0
A03,2026-03-03,15,1400,6500,1,0,0
A03,2026-03-03,16,1700,5500,1,0,0
A03,2026-03-03,17,2600,12400,1,0,0
A03,2026-03-03,18,3100,3500,1,0,0
A03,2026-03-03,19,1800,5500,1,0,0
A03,2026-03-03,20,2000,3600,1,0,0
A03,2026-03-04,9,2800,4200,1,0,0
A03,2026-03-04,10,2100,6200,1,0,0
A03,2026-03-04,11,3200,3600,1,0,0
A03,2026-03-04,12,4000,5000,1,0,0
A03,2026-03-04,13,3400,3600,1,0,0
A03,2026-03-04,14,4500,4700,1,0,0
A03,2026-03-04,15,1300,5600,1,0,0
A03,2026-03-04,16,3500,11600,1,0,0
A03,2026-03-04,17,2200,6600,1,0,0
A03,2026-03-04,18,2100,9900,1,0,0
A03,2026-03-04,19,1300,4300,1,0,0
A03,2026-03-04,20,5100,11900,1,0,0
A03,2026-03-05,9,1800,2100,1,0,0
A03,2026-03-05,10,1700,2600,1,0,0
A03,2026-03-05,11,5000,3200,1,0,0
A03,2026-03-05,12,4300,2100,1,0,0
A03,2026-03-05,13,1200,3500,1,0,0
A03,2026-03-05,14,1700,2800,1,0,0
A03,2026-03-05,15,2400,3800,1,0,0
A03,2026-03-05,16,2600,7900,1,0,0
A03,2026-03-05,17,3000,8800,1,0,0
A03,2026-03-05,18,2600,7500,1,0,0
A03,2026-03-05,19,800,2800,1,0,0
A03,2026-03-05,20,1600,3900,1,0,0
A03,2026-03-06,9,2400,1400,0,1,0
A03,2026-03-06,10,3100,2700,0,1,0
A03,2026-03-06,11,1900,1500,0,1,0
A03,2026-03-06,12,3200,1000,0,1,0
A03,2026-03-06,13,2500,2000,0,1,0
A03,2026-03-06,14,4100,900,0,1,0
A03,2026-03-06,15,1200,1200,0,1,0
A03,2026-03-06,16,1200,1900,0,1,0
A03,2026-03-06,17,1100,3200,0,1,0
A03,2026-03-06,18,1000,3200,0,1,0
A03,2026-03-06,19,1700,2000,0,1,0
A03,2026-03-06,20,2200,3800,0,1,0
A03,2026-03-07,9,9100,2000,0,1,0
A03,2026-03-07,10,8100,2200,0,1,0
A03,2026-03-07,11,7900,1300,0,1,0
A03,2026-03-07,12,7500,4000,0,1,0
A03,2026-03-07,13,4600,3800,0,1,0
A03,2026-03-07,14,3800,2200,0,1,0
A03,2026-03-07,15,4400,3400,0,1,0
A03,2026-03-07,16,8500,4800,0,1,0
A03,2026-03-07,17,5200,6300,0,1,0
A03,2026-03-07,18,3900,7600,0,1,0
A03,2026-03-07,19,5200,4100,0,1,0
A03,2026-03-07,20,4900,5600,0,1,0
A03,2026-03-08,9,3200,2500,0,0,0
A03,2026-03-08,10,1000,1400,0,0,0
A03,2026-03-08,11,2500,1400,0,0,0
A03,2026-03-08,12,8300,1800,0,0,0
A03,2026-03-08,13,3300,1200,0,0,0
A03,2026-03-08,14,1900,1700,0,0,0
A03,2026-03-08,15,2300,3200,0,0,0
A03,2026-03-08,16,2300,2900,0,0,0
A03,2026-03-08,17,2000,4600,0,0,0
A03,2026-03-08,18,1400,3700,0,0,0
A03,2026-03-08,19,5000,2000,0,0,0
A03,2026-03-08,20,3500,2400,0,0,0
A03,2026-03-09,9,3400,3500,0,0,0
A03,2026-03-09,10,3500,1800,0,0,0
A03,2026-03-09,11,1900,3700,0,0,0
A03,2026-03-09,12,4700,1300,0,0,0
A03,2026-03-09,13,2300,3600,0,0,0
A03,2026-03-09,14,3900,2300,0,0,0
A03,2026-03-09,15,3700,4700,0,0,0
A03,2026-03-09,16,3100,6600,0,0,0
A03,2026-03-09,17,3200,9800,0,0,0
A03,2026-03-09,18,2800,7300,0,0,0
A03,2026-03-09,19,2300,2800,0,0,0
A03,2026-03-09,20,1600,2800,0,0,0
A03,2026-03-10,9,1700,900,0,0,0
A03,2026-03-10,10,1200,1600,0,0,0
A03,2026-03-10,11,1200,1400,0,0,0
A03,2026-03-10,12,3600,1800,0,0,0
A03,2026-03-10,13,1900,1900,0,0,0
A03,2026-03-10,14,1400,1700,0,0,0
A03,2026-03-10,15,2700,1800,0,0,0
A03,2026-03-10,16,1900,3100,0,0,0
A03,2026-03-10,17,1600,3300,0,0,0
A03,2026-03-10,18,600,4900,0,0,0
A03,2026-03-10,19,1900,5100,0,0,0
A03,2026-03-10,20,1700,1400,0,0,0
A03,2026-03-11,9,2600,2500,0,0,0
A03,2026-03-11,10,1200,1600,0,0,0
A03,2026-03-11,11,2700,1300,0,0,0
A03,2026-03-11,12,3000,2600,0,0,0
A03,2026-03-11,13,1800,600,0,0,0
A03,2026-03-11,14,4900,1600,0,0,0
A03,2026-03-11,15,3000,3300,0,0,0
A03,2026-03-11,16,2100,3600,0,0,0
A03,2026-03-11,17,1100,2600,0,0,0
A03,2026-03-11,18,1900,6100,0,0,0
A03,2026-03-11,19,2200,2100,0,0,0
A03,2026-03-11,20,2200,1700,0,0,0
A03,2026-03-12,9,2100,1500,0,0,0
A03,2026-03-12,10,3500,1400,0,0,0
A03,2026-03-12,11,6100,1000,0,0,0
A03,2026-03-12,12,2400,1500,0,0,0
A03,2026-03-12,13,1600,1000,0,0,0
A03,2026-03-12,14,2000,2100,0,0,0
A03,2026-03-12,15,2900,2400,0,0,0
A03,2026-03-12,16,1200,3200,0,0,0
A03,2026-03-12,17,3700,6900,0,0,0
A03,2026-03-12,18,2000,4100,0,0,0
A03,2026-03-12,19,1600,2400,0,0,0
A03,2026-03-12,20,2100,1600,0,0,0
A03,2026-03-13,9,3100,2800,0,1,0
A03,2026-03-13,10,4700,1600,0,1,0
A03,2026-03-13,11,13100,500,0,1,0
A03,2026-03-13,12,5000,1600,0,1,0
A03,2026-03-13,13,5200,1300,0,1,0
A03,2026-03-13,14,2500,1200,0,1,0
A03,2026-03-13,15,2700,3000,0,1,0
A03,2026-03-13,16,2400,3200,0,1,0
A03,2026-03-13,17,2200,4500,0,1,0
A03,2026-03-13,18,2000,3800,0,1,0
A03,2026-03-13,19,2700,5500,0,1,0
A03,2026-03-13,20,3100,1400,0,1,0
A03,2026-03-14,9,3100,2300,0,1,0
A03,2026-03-14,10,3100,1900,0,1,0
A03,2026-03-14,11,4500,800,0,1,0
A03,2026-03-14,12,2600,1800,0,1,0
A03,2026-03-14,13,1400,1300,0,1,0
A03,2026-03-14,14,2500,1000,0,1,0
A03,2026-03-14,15,1600,2700,0,1,0
A03,2026-03-14,16,3700,6700,0,1,0
A03,2026-03-14,17,1900,6100,0,1,0
A03,2026-03-14,18,2500,2300,0,1,0
A03,2026-03-14,19,900,2200,0,1,0
A03,2026-03-14,20,1900,1300,0,1,0
A03,2026-03-15,9,3200,2000,0,0,0
A03,2026-03-15,10,3100,2100,0,0,0
A03,2026-03-15,11,3500,1900,0,0,0
A03,2026-03-15,12,6900,4000,0,0,0
A03,2026-03-15,13,2300,2800,0,0,0
A03,2026-03-15,14,2600,2400,0,0,0
A03,2026-03-15,15,1900,2500,0,0,0
A03,2026-03-15,16,2200,5500,0,0,0
A03,2026-03-15,17,1800,1900,0,0,0
A03,2026-03-15,18,1500,2900,0,0,0
A03,2026-03-15,19,1400,5100,0,0,0
A03,2026-03-15,20,4500,1300,0,0,0
A03,2026-03-16,9,2200,1400,0,0,0
A03,2026-03-16,10,7400,2100,0,0,0
A03,2026-03-16,11,2800,800,0,0,0
A03,2026-03-16,12,6200,1600,0,0,0
A03,2026-03-16,13,1700,1000,0,0,0
A03,2026-03-16,14,3800,2900,0,0,0
A03,2026-03-16,15,1000,3500,0,0,0
A03,2026-03-16,16,2500,2800,0,0,0
A03,2026-03-16,17,2000,4900,0,0,0
A03,2026-03-16,18,1300,3200,0,0,0
A03,2026-03-16,19,2000,1700,0,0,0
A03,2026-03-16,20,1400,4200,0,0,0
A03,2026-03-17,9,3800,2200,0,0,0
A03,2026-03-17,10,1700,1800,0,0,0
A03,2026-03-17,11,2000,4400,0,0,0
A03,2026-03-17,12,2700,800,0,0,0
A03,2026-03-17,13,1200,1600,0,0,0
A03,2026-03-17,14,2400,3200,0,0,0
A03,2026-03-17,15,2900,3900,0,0,0
A03,2026-03-17,16,3400,2300,0,0,0
A03,2026-03-17,17,3400,5600,0,0,0
A03,2026-03-17,18,1400,3600,0,0,0
A03,2026-03-17,19,1100,3700,0,0,0
A03,2026-03-17,20,2400,2400,0,0,0
A03,2026-03-18,9,4300,3300,0,0,0
A03,2026-03-18,10,4000,1400,0,0,0
A03,2026-03-18,11,2500,1300,0,0,0
A03,2026-03-18,12,5700,2400,0,0,0
A03,2026-03-18,13,2300,1100,0,0,0
A03,2026-03-18,14,1800,700,0,0,0
A03,2026-03-18,15,2700,5300,0,0,0
A03,2026-03-18,16,1900,2400,0,0,0
A03,2026-03-18,17,1800,4300,0,0,0
A03,2026-03-18,18,1000,3700,0,0,0
A03,2026-03-18,19,1500,2100,0,0,0
A03,2026-03-18,20,2300,1500,0,0,0
A03,2026-03-19,9,1400,1800,0,0,0
A03,2026-03-19,10,3800,2600,0,0,0
A03,2026-03-19,11,3500,1900,0,0,0
A03,2026-03-19,12,3500,2700,0,0,0
A03,2026-03-19,13,3000,1700,0,0,0
A03,2026-03-19,14,900,2600,0,0,0
A03,2026-03-19,15,1000,2900,0,0,0
A03,2026-03-19,16,1500,3100,0,0,0
A03,2026-03-19,17,1300,1300,0,0,0
A03,2026-03-19,18,1200,2900,0,0,0
A03,2026-03-19,19,2000,2900,0,0,0
A03,2026-03-19,20,1800,2000,0,0,0
A03,2026-03-20,9,3800,1600,0,1,0
A03,2026-03-20,10,3400,800,0,1,0
A03,2026-03-20,11,3400,1100,0,1,0
A03,2026-03-20,12,2500,1500,0,1,0
A03,2026-03-20,13,1200,2200,0,1,0
A03,2026-03-20,14,2600,1800,0,1,0
A03,2026-03-20,15,2700,1300,0,1,0
A03,2026-03-20,16,2400,4400,0,1,0
A03,2026-03-20,17,2500,3900,0,1,0
A03,2026-03-20,18,4000,2200,0,1,0
A03,2026-03-20,19,5200,2000,0,1,0
A03,2026-03-20,20,2700,2300,0,1,0
A03,2026-03-21,9,3000,1200,0,1,0
A03,2026-03-21,10,6600,1600,0,1,0
A03,2026-03-21,11,5200,1500,0,1,0
A03,2026-03-21,12,4400,1300,0,1,0
A03,2026-03-21,13,3500,2300,0,1,0
A03,2026-03-21,14,2200,1400,0,1,0
A03,2026-03-21,15,2400,3400,0,1,0
A03,2026-03-21,16,4600,7700,0,1,0
A03,2026-03-21,17,1800,4300,0,1,0
A03,2026-03-21,18,3000,4700,0,1,0
A03,2026-03-21,19,6400,2900,0,1,0
A03,2026-03-21,20,3500,2000,0,1,0
A03,2026-03-22,9,2800,700,0,0,0
A03,2026-03-22,10,1800,2600,0,0,0
A03,2026-03-22,11,1800,1500,0,0,0
A03,2026-03-22,12,4100,1000,0,0,0
A03,2026-03-22,13,1900,1400,0,0,0
A03,2026-03-22,14,3600,1300,0,0,0
A03,2026-03-22,15,1600,1600,0,0,0
A03,2026-03-22,16,1600,4400,0,0,0
A03,2026-03-22,17,2600,3600,0,0,0
A03,2026-03-22,18,1300,3500,0,0,0
A03,2026-03-22,19,2200,2500,0,0,0
A03,2026-03-22,20,1200,4000,0,0,0
A03,2026-03-23,9,2400,1800,0,0,0
A03,2026-03-23,10,3900,500,0,0,0
A03,2026-03-23,11,7300,1300,0,0,0
A03,2026-03-23,12,2600,2200,0,0,0
A03,2026-03-23,13,1600,1000,0,0,0
A03,2026-03-23,14,2600,1200,0,0,0
A03,2026-03-23,15,2500,2100,0,0,0
A03,2026-03-23,16,2700,1700,0,0,0
A03,2026-03-23,17,1400,3700,0,0,0
A03,2026-03-23,18,2400,3200,0,0,0
A03,2026-03-23,19,1700,2200,0,0,0
A03,2026-03-23,20,1500,2200,0,0,0
A03,2026-03-24,9,4000,1700,0,0,0
A03,2026-03-24,10,3500,2700,0,0,0
A03,2026-03-24,11,8900,2200,0,0,0
A03,2026-03-24,12,5600,2300,0,0,0
A03,2026-03-24,13,3400,1700,0,0,0
A03,2026-03-24,14,3500,1900,0,0,0
A03,2026-03-24,15,3500,3300,0,0,0
A03,2026-03-24,16,2200,4600,0,0,0
A03,2026-03-24,17,2900,4900,0,0,0
A03,2026-03-24,18,1600,6100,0,0,0
A03,2026-03-24,19,3900,4000,0,0,0
A03,2026-03-24,20,3000,2600,0,0,0
A03,2026-03-25,9,2300,1400,0,0,0
A03,2026-03-25,10,2600,1000,0,0,0
A03,2026-03-25,11,5800,1800,0,0,0
A03,2026-03-25,12,3500,2000,0,0,0
A03,2026-03-25,13,2000,2000,0,0,0
A03,2026-03-25,14,2500,1600,0,0,0
A03,2026-03-25,15,2200,3100,0,0,0
A03,2026-03-25,16,1200,4600,0,0,0
A03,2026-03-25,17,1600,5200,0,0,0
A03,2026-03-25,18,2800,5300,0,0,0
A03,2026-03-25,19,3000,3300,0,0,0
A03,2026-03-25,20,1300,4500,0,0,0
A03,2026-03-26,9,1800,2100,0,0,0
A03,2026-03-26,10,2100,3200,0,0,0
A03,2026-03-26,11,2900,1700,0,0,0
A03,2026-03-26,12,2500,1500,0,0,0
A03,2026-03-26,13,4500,1200,0,0,0
A03,2026-03-26,14,1100,2600,0,0,0
A03,2026-03-26,15,1600,1900,0,0,0
A03,2026-03-26,16,1700,2600,0,0,0
A03,2026-03-26,17,1000,5300,0,0,0
A03,2026-03-26,18,3800,4600,0,0,0
A03,2026-03-26,19,700,4000,0,0,0
A03,2026-03-26,20,1100,1300,0,0,0
A03,2026-03-27,9,7700,1600,0,1,0
A03,2026-03-27,10,4500,1400,0,1,0
A03,2026-03-27,11,6700,2000,0,1,0
A03,2026-03-27,12,3000,2400,0,1,0
A03,2026-03-27,13,4100,1600,0,1,0
A03,2026-03-27,14,3300,3900,0,1,0
A03,2026-03-27,15,2300,7500,0,1,0
A03,2026-03-27,16,3700,7400,0,1,0
A03,2026-03-27,17,4000,6800,0,1,0
A03,2026-03-27,18,2500,6200,0,1,0
A03,2026-03-27,19,3500,4900,0,1,0
A03,2026-03-27,20,4000,3000,0,1,0
A03,2026-03-28,9,2700,2600,1,1,0
A03,2026-03-28,10,5800,3300,1,1,0
A03,2026-03-28,11,10800,1400,1,1,0
A03,2026-03-28,12,7400,1500,1,1,0
A03,2026-03-28,13,3400,1800,1,1,0
A03,2026-03-28,14,2700,2800,1,1,0
A03,2026-03-28,15,2500,8800,1,1,0
A03,2026-03-28,16,2000,3800,1,1,0
A03,2026-03-28,17,2200,6400,1,1,0
A03,2026-03-28,18,1400,7600,1,1,0
A03,2026-03-28,19,1900,4000,1,1,0
A03,2026-03-28,20,2300,2700,1,1,0
A03,2026-03-29,9,3000,1800,1,0,0
A03,2026-03-29,10,7200,1600,1,0,0
A03,2026-03-29,11,4700,2800,1,0,0
A03,2026-03-29,12,3300,4600,1,0,0
A03,2026-03-29,13,1400,5200,1,0,0
A03,2026-03-29,14,3400,11100,1,0,0
A03,2026-03-29,15,1000,3100,1,0,0
A03,2026-03-29,16,1200,4100,1,0,0
A03,2026-03-29,17,2400,6100,1,0,0
A03,2026-03-29,18,2800,8400,1,0,0
A03,2026-03-29,19,3200,6400,1,0,0
A03,2026-03-29,20,1800,4100,1,0,0
A03,2026-03-30,9,5100,5800,1,0,0
A03,2026-03-30,10,2700,4700,1,0,0
A03,2026-03-30,11,3400,2000,1,0,0
A03,2026-03-30,12,5100,4300,1,0,0
A03,2026-03-30,13,5200,2300,1,0,0
A03,2026-03-30,14,4000,2500,1,0,0
A03,2026-03-30,15,2500,6900,1,0,0
A03,2026-03-30,16,3400,7100,1,0,0
A03,2026-03-30,17,1600,4500,1,0,0
A03,2026-03-30,18,1200,7800,1,0,0
A03,2026-03-30,19,1900,3600,1,0,0
A03,2026-03-30,20,2200,2700,1,0,0
A03,2026-03-31,9,2100,3700,1,0,0
A03,2026-03-31,10,2900,2000,1,0,0
A03,2026-03-31,11,3100,1600,1,0,0
A03,2026-03-31,12,3300,3900,1,0,0
A03,2026-03-31,13,1700,5600,1,0,0
A03,2026-03-31,14,3300,6800,1,0,0
A03,2026-03-31,15,2100,7200,1,0,0
A03,2026-03-31,16,2500,6600,1,0,0
A03,2026-03-31,17,1200,6600,1,0,0
A03,2026-03-31,18,1100,8700,1,0,0
A03,2026-03-31,19,1900,3300,1,0,0
A03,2026-03-31,20,1100,1700,1,0,0
A03,2026-04-01,9,2000,5900,1,0,0
A03,2026-04-01,10,4600,4800,1,0,0
A03,2026-04-01,11,6100,5200,1,0,0
A03,2026-04-01,12,4700,2000,1,0,0
A03,2026-04-01,13,2800,3400,1,0,0
A03,2026-04-01,14,7200,7500,1,0,0
A03,2026-04-01,15,800,4500,1,0,0
A03,2026-04-01,16,5800,15100,1,0,0
A03,2026-04-01,17,2800,24800,1,0,0
A03,2026-04-01,18,2100,4500,1,0,0
A03,2026-04-01,19,2500,4800,1,0,0
A03,2026-04-01,20,1700,3700,1,0,0
A03,2026-04-02,9,5900,4600,1,0,0
A03,2026-04-02,10,2300,4400,1,0,0
A03,2026-04-02,11,4200,6000,1,0,0
A03,2026-04-02,12,2800,2300,1,0,0
A03,2026-04-02,13,1900,6600,1,0,0
A03,2026-04-02,14,2500,10000,1,0,0
A03,2026-04-02,15,2700,8900,1,0,0
A03,2026-04-02,16,1800,4400,1,0,0
A03,2026-04-02,17,2400,17800,1,0,0
A03,2026-04-02,18,2800,8100,1,0,0
A03,2026-04-02,19,2800,7000,1,0,0
A03,2026-04-02,20,2800,7600,1,0,0
A03,2026-04-03,9,5800,4300,1,1,0
A03,2026-04-03,10,4000,4300,1,1,0
A03,2026-04-03,11,7500,1300,1,1,0
A03,2026-04-03,12,1900,3900,1,1,0
A03,2026-04-03,13,1900,3500,1,1,0
A03,2026-04-03,14,2000,5000,1,1,0
A03,2026-04-03,15,2600,6900,1,1,0
A03,2026-04-03,16,1900,5300,1,1,0
A03,2026-04-03,17,1500,6000,1,1,0
A03,2026-04-03,18,700,6300,1,1,0
A03,2026-04-03,19,1800,2700,1,1,0
A03,2026-04-03,20,2200,4300,1,1,0
A03,2026-04-04,9,1300,4600,1,1,0
A03,2026-04-04,10,4500,2400,1,1,0
A03,2026-04-04,11,1700,3200,1,1,0
A03,2026-04-04,12,2000,3700,1,1,0
A03,2026-04-04,13,3300,3000,1,1,0
A03,2026-04-04,14,1700,4200,1,1,0
A03,2026-04-04,15,2400,6000,1,1,0
A03,2026-04-04,16,1400,2200,1,1,0
A03,2026-04-04,17,3400,12600,1,1,0
A03,2026-04-04,18,1100,8700,1,1,0
A03,2026-04-04,19,5200,4900,1,1,0
A03,2026-04-04,20,2000,4000,1,1,0
A03,2026-04-05,9,1000,2600,1,0,0
A03,2026-04-05,10,4900,3500,1,0,0
A03,2026-04-05,11,2600,3100,1,0,0
A03,2026-04-05,12,3000,4000,1,0,0
A03,2026-04-05,13,6000,2800,1,0,0
A03,2026-04-05,14,1800,3600,1,0,0
A03,2026-04-05,15,2300,10000,1,0,0
A03,2026-04-05,16,2000,6900,1,0,0
A03,2026-04-05,17,3300,5400,1,0,0
A03,2026-04-05,18,2600,6900,1,0,0
A03,2026-04-05,19,2800,3900,1,0,0
A03,2026-04-05,20,4500,5100,1,0,0
A03,2026-04-06,9,2800,1200,0,0,0
A03,2026-04-06,10,1200,1200,0,0,0
A03,2026-04-06,11,3600,1200,0,0,0
A03,2026-04-06,12,10600,1800,0,0,0
A03,2026-04-06,13,2800,3000,0,0,0
A03,2026-04-06,14,1600,2100,0,0,0
A03,2026-04-06,15,1400,2300,0,0,0
A03,2026-04-06,16,2200,2000,0,0,0
A03,2026-04-06,17,2700,3000,0,0,0
A03,2026-04-06,18,2400,5500,0,0,0
A03,2026-04-06,19,1100,1200,0,0,0
A03,2026-04-06,20,2000,2500,0,0,0
A03,2026-04-07,9,3000,1300,0,0,0
A03,2026-04-07,10,5300,1700,0,0,0
A03,2026-04-07,11,5600,1300,0,0,0
A03,2026-04-07,12,3500,3100,0,0,0
A03,2026-04-07,13,1400,1700,0,0,0
A03,2026-04-07,14,3100,2000,0,0,0
A03,2026-04-07,15,2300,6100,0,0,0
A03,2026-04-07,16,2500,3500,0,0,0
A03,2026-04-07,17,2700,5500,0,0,0
A03,2026-04-07,18,2100,3000,0,0,0
A03,2026-04-07,19,3000,2600,0,0,0
A03,2026-04-07,20,1900,3100,0,0,0
A03,2026-04-08,9,1400,1600,0,0,0
A03,2026-04-08,10,2200,1800,0,0,0
A03,2026-04-08,11,4600,1800,0,0,0
A03,2026-04-08,12,2600,800,0,0,0
A03,2026-04-08,13,1000,1300,0,0,0
A03,2026-04-08,14,1300,1800,0,0,0
A03,2026-04-08,15,800,2100,0,0,0
A03,2026-04-08,16,3700,4800,0,0,0
A03,2026-04-08,17,1400,3000,0,0,0
A03,2026-04-08,18,900,1200,0,0,0
A03,2026-04-08,19,1800,2100,0,0,0
A03,2026-04-08,20,1600,1500,0,0,0
A03,2026-04-09,9,2100,1700,0,0,0
A03,2026-04-09,10,2700,1500,0,0,0
A03,2026-04-09,11,2200,1400,0,0,0
A03,2026-04-09,12,7200,800,0,0,0
A03,2026-04-09,13,900,3300,0,0,0
A03,2026-04-09,14,2000,2100,0,0,0
A03,2026-04-09,15,1300,3500,0,0,0
A03,2026-04-09,16,1200,3500,0,0,0
A03,2026-04-09,17,1600,5600,0,0,0
A03,2026-04-09,18,5200,6800,0,0,0
A03,2026-04-09,19,2200,9600,0,0,0
A03,2026-04-09,20,2000,2800,0,0,0
A03,2026-04-10,9,5100,2600,0,1,0
A03,2026-04-10,10,4700,2800,0,1,0
A03,2026-04-10,11,6400,900,0,1,0
A03,2026-04-10,12,3900,2800,0,1,0
A03,2026-04-10,13,3500,2500,0,1,0
A03,2026-04-10,14,1800,1700,0,1,0
A03,2026-04-10,15,3500,5300,0,1,0
A03,2026-04-10,16,3200,8600,0,1,0
A03,2026-04-10,17,3900,8600,0,1,0
A03,2026-04-10,18,1700,3600,0,1,0
A03,2026-04-10,19,3700,2900,0,1,0
A03,2026-04-10,20,4100,2300,0,1,0
A03,2026-04-11,9,6600,1700,0,1,0
A03,2026-04-11,10,5600,2200,0,1,0
A03,2026-04-11,11,3400,1800,0,1,0
A03,2026-04-11,12,5000,2100,0,1,0
A03,2026-04-11,13,2100,4200,0,1,0
A03,2026-04-11,14,5300,1000,0,1,0
A03,2026-04-11,15,2900,3100,0,1,0
A03,2026-04-11,16,1300,9500,0,1,0
A03,2026-04-11,17,800,3400,0,1,0
A03,2026-04-11,18,3400,5600,0,1,0
A03,2026-04-11,19,2100,7400,0,1,0
A03,2026-04-11,20,2500,1900,0,1,0
A03,2026-04-12,9,900,1000,0,0,0
A03,2026-04-12,10,2400,1300,0,0,0
A03,2026-04-12,11,3400,2700,0,0,0
A03,2026-04-12,12,4500,1200,0,0,0
A03,2026-04-12,13,4400,2200,0,0,0
A03,2026-04-12,14,2000,2700,0,0,0
A03,2026-04-12,15,2600,3900,0,0,0
A03,2026-04-12,16,2500,5700,0,0,0
A03,2026-04-12,17,1300,5900,0,0,0
A03,2026-04-12,18,1500,2700,0,0,0
A03,2026-04-12,19,1300,4400,0,0,0
A03,2026-04-12,20,1600,2500,0,0,0
A03,2026-04-13,9,2000,2300,0,0,0
A03,2026-04-13,10,3000,1700,0,0,0
A03,2026-04-13,11,2900,2000,0,0,0
A03,2026-04-13,12,2000,700,0,0,0
A03,2026-04-13,13,4500,3000,0,0,0
A03,2026-04-13,14,1800,1400,0,0,0
A03,2026-04-13,15,2000,6500,0,0,0
A03,2026-04-13,16,1400,8000,0,0,0
A03,2026-04-13,17,2600,5800,0,0,0
A03,2026-04-13,18,1200,3400,0,0,0
A03,2026-04-13,19,800,2400,0,0,0
A03,2026-04-13,20,1200,1300,0,0,0
A03,2026-04-14,9,2600,1800,0,0,0
A03,2026-04-14,10,1900,1700,0,0,0
A03,2026-04-14,11,1400,1900,0,0,0
A03,2026-04-14,12,3700,1800,0,0,0
A03,2026-04-14,13,2400,1100,0,0,0
A03,2026-04-14,14,1900,2700,0,0,0
A03,2026-04-14,15,1500,4000,0,0,0
A03,2026-04-14,16,1600,4500,0,0,0
A03,2026-04-14,17,1100,3300,0,0,0
A03,2026-04-14,18,3300,7800,0,0,0
A03,2026-04-14,19,2300,4100,0,0,0
A03,2026-04-14,20,1400,1200,0,0,0
A03,2026-04-15,9,3100,1500,0,0,0
A03,2026-04-15,10,4300,2200,0,0,0
A03,2026-04-15,11,3300,1600,0,0,0
A03,2026-04-15,12,3300,1400,0,0,0
A03,2026-04-15,13,3900,1700,0,0,0
A03,2026-04-15,14,2000,1700,0,0,0
A03,2026-04-15,15,1700,2000,0,0,0
A03,2026-04-15,16,2500,4400,0,0,0
A03,2026-04-15,17,2700,5100,0,0,0
A03,2026-04-15,18,2400,6800,0,0,0
A03,2026-04-15,19,2000,4700,0,0,0
A03,2026-04-15,20,3400,3600,0,0,0
A03,2026-04-16,9,1500,1500,0,0,0
A03,2026-04-16,10,4800,1400,0,0,0
A03,2026-04-16,11,5900,2200,0,0,0
A03,2026-04-16,12,3000,1100,0,0,0
A03,2026-04-16,13,1100,1600,0,0,0
A03,2026-04-16,14,1400,5200,0,0,0
A03,2026-04-16,15,1200,2000,0,0,0
A03,2026-04-16,16,2000,9800,0,0,0
A03,2026-04-16,17,2600,2800,0,0,0
A03,2026-04-16,18,1600,4900,0,0,0
A03,2026-04-16,19,1300,2100,0,0,0
A03,2026-04-16,20,1800,1100,0,0,0
A03,2026-04-17,9,1900,1500,0,1,0
A03,2026-04-17,10,1100,1200,0,1,0
A03,2026-04-17,11,5300,1300,0,1,0
A03,2026-04-17,12,4500,1100,0,1,0
A03,2026-04-17,13,5500,1100,0,1,0
A03,2026-04-17,14,2800,2000,0,1,0
A03,2026-04-17,15,2100,3200,0,1,0
A03,2026-04-17,16,1900,3800,0,1,0
A03,2026-04-17,17,1400,2000,0,1,0
A03,2026-04-17,18,3800,2700,0,1,0
A03,2026-04-17,19,2700,3800,0,1,0
A03,2026-04-17,20,2500,2400,0,1,0
A03,2026-04-18,9,3300,1300,0,1,0
A03,2026-04-18,10,1500,1500,0,1,0
A03,2026-04-18,11,3700,1500,0,1,0
A03,2026-04-18,12,3900,1000,0,1,0
A03,2026-04-18,13,1700,2600,0,1,0
A03,2026-04-18,14,2100,1400,0,1,0
A03,2026-04-18,15,2300,3000,0,1,0
A03,2026-04-18,16,1100,4200,0,1,0
A03,2026-04-18,17,2000,6300,0,1,0
A03,2026-04-18,18,1500,2800,0,1,0
A03,2026-04-18,19,2900,1100,0,1,0
A03,2026-04-18,20,1900,1300,0,1,0
A03,2026-04-19,9,2600,1700,0,0,0
A03,2026-04-19,10,1800,1100,0,0,0
A03,2026-04-19,11,2700,1600,0,0,0
A03,2026-04-19,12,4300,1600,0,0,0
A03,2026-04-19,13,1800,1500,0,0,0
A03,2026-04-19,14,1300,1300,0,0,0
A03,2026-04-19,15,1700,3000,0,0,0
A03,2026-04-19,16,2300,7400,0,0,0
A03,2026-04-19,17,2500,3000,0,0,0
A03,2026-04-19,18,1700,4000,0,0,0
A03,2026-04-19,19,2200,4500,0,0,0
A03,2026-04-19,20,2000,1000,0,0,0
A03,2026-04-20,9,2500,800,0,0,0
A03,2026-04-20,10,1300,3200,0,0,0
A03,2026-04-20,11,2700,900,0,0,0
A03,2026-04-20,12,2400,1300,0,0,0
A03,2026-04-20,13,1600,1500,0,0,0
A03,2026-04-20,14,2200,900,0,0,0
A03,2026-04-20,15,1400,2900,0,0,0
A03,2026-04-20,16,2800,7100,0,0,0
A03,2026-04-20,17,1600,4900,0,0,0
A03,2026-04-20,18,1800,6300,0,0,0
A03,2026-04-20,19,2000,2900,0,0,0
A03,2026-04-20,20,900,1300,0,0,0
A03,2026-04-21,9,4500,2400,0,0,0
A03,2026-04-21,10,5500,1600,0,0,0
A03,2026-04-21,11,4500,3000,0,0,0
A03,2026-04-21,12,3900,1900,0,0,0
A03,2026-04-21,13,3500,800,0,0,0
A03,2026-04-21,14,2400,2300,0,0,0
A03,2026-04-21,15,1900,1500,0,0,0
A03,2026-04-21,16,3300,7700,0,0,0
A03,2026-04-21,17,3400,3600,0,0,0
A03,2026-04-21,18,1400,9700,0,0,0
A03,2026-04-21,19,3200,1100,0,0,0
A03,2026-04-21,20,1700,1700,0,0,0
A03,2026-04-22,9,2000,1500,0,0,0
A03,2026-04-22,10,1900,2300,0,0,0
A03,2026-04-22,11,1700,1700,0,0,0
A03,2026-04-22,12,1900,1600,0,0,0
A03,2026-04-22,13,2200,1600,0,0,0
A03,2026-04-22,14,1000,2100,0,0,0
A03,2026-04-22,15,2400,2000,0,0,0
A03,2026-04-22,16,1500,3500,0,0,0
A03,2026-04-22,17,1300,6500,0,0,0
A03,2026-04-22,18,2500,3900,0,0,0
A03,2026-04-22,19,2000,4600,0,0,0
A03,2026-04-22,20,800,1100,0,0,0
A03,2026-04-23,9,2100,1300,0,0,1
A03,2026-04-23,10,2900,1300,0,0,1
A03,2026-04-23,11,5400,4400,0,0,1
A03,2026-04-23,12,2300,2500,0,0,1
A03,2026-04-23,13,5700,1600,0,0,1
A03,2026-04-23,14,3900,3200,0,0,1
A03,2026-04-23,15,3000,8800,0,0,1
A03,2026-04-23,16,4600,6800,0,0,1
A03,2026-04-23,17,1600,5700,0,0,1
A03,2026-04-23,18,2900,8300,0,0,1
A03,2026-04-23,19,2400,10400,0,0,1
A03,2026-04-23,20,2700,3400,0,0,1
A03,2026-04-24,9,4600,3200,0,1,0
A03,2026-04-24,10,4400,1000,0,1,0
A03,2026-04-24,11,5200,1500,0,1,0
A03,2026-04-24,12,8800,1100,0,1,0
A03,2026-04-24,13,4500,1500,0,1,0
A03,2026-04-24,14,2400,2600,0,1,0
A03,2026-04-24,15,3700,2100,0,1,0
A03,2026-04-24,16,2200,4200,0,1,0
A03,2026-04-24,17,2600,4400,0,1,0
A03,2026-04-24,18,1100,5100,0,1,0
A03,2026-04-24,19,1600,1300,0,1,0
A03,2026-04-24,20,1900,2200,0,1,0
A03,2026-04-25,9,3500,1200,0,1,0
A03,2026-04-25,10,2700,600,0,1,0
A03,2026-04-25,11,3700,1600,0,1,0
A03,2026-04-25,12,2100,1000,0,1,0
A03,2026-04-25,13,6300,2400,0,1,0
A03,2026-04-25,14,1100,1700,0,1,0
A03,2026-04-25,15,3200,2200,0,1,0
A03,2026-04-25,16,2500,4700,0,1,0
A03,2026-04-25,17,1300,3000,0,1,0
A03,2026-04-25,18,1100,2300,0,1,0
A03,2026-04-25,19,1500,3100,0,1,0
A03,2026-04-25,20,1800,1800,0,1,0
A03,2026-04-26,9,2300,1500,0,0,0
A03,2026-04-26,10,2200,2700,0,0,0
A03,2026-04-26,11,2600,1100,0,0,0
A03,2026-04-26,12,2800,1900,0,0,0
A03,2026-04-26,13,4600,3000,0,0,0
A03,2026-04-26,14,3600,1600,0,0,0
A03,2026-04-26,15,2600,2600,0,0,0
A03,2026-04-26,16,1200,2700,0,0,0
A03,2026-04-26,17,2100,4200,0,0,0
A03,2026-04-26,18,1200,3800,0,0,0
A03,2026-04-26,19,1900,3800,0,0,0
A03,2026-04-26,20,2700,1600,0,0,0
A03,2026-04-27,9,2300,1800,0,0,0
A03,2026-04-27,10,1900,1500,0,0,0
A03,2026-04-27,11,3300,2000,0,0,0
A03,2026-04-27,12,3300,2200,0,0,0
A03,2026-04-27,13,2700,900,0,0,0
A03,2026-04-27,14,1200,2900,0,0,0
A03,2026-04-27,15,1300,2500,0,0,0
A03,2026-04-27,16,1300,3200,0,0,0
A03,2026-04-27,17,1000,6400,0,0,0
A03,2026-04-27,18,1600,5700,0,0,0
A03,2026-04-27,19,2500,5200,0,0,0
A03,2026-04-27,20,2000,2700,0,0,0
A03,2026-04-28,9,3100,2700,1,0,0
A03,2026-04-28,10,1600,1700,1,0,0
A03,2026-04-28,11,3300,2100,1,0,0
A03,2026-04-28,12,1500,2100,1,0,0
A03,2026-04-28,13,2200,3000,1,0,0
A03,2026-04-28,14,800,7200,1,0,0
A03,2026-04-28,15,1500,3400,1,0,0
A03,2026-04-28,16,1300,9500,1,0,0
A03,2026-04-28,17,1100,10400,1,0,0
A03,2026-04-28,18,2000,13100,1,0,0
A03,2026-04-28,19,2000,4200,1,0,0
A03,2026-04-28,20,1200,3800,1,0,0
A03,2026-04-29,9,2200,5100,1,0,0
A03,2026-04-29,10,4900,7400,1,0,0
A03,2026-04-29,11,2600,600,1,0,0
A03,2026-04-29,12,1700,2600,1,0,0
A03,2026-04-29,13,1600,4500,1,0,0
A03,2026-04-29,14,1000,3600,1,0,0
A03,2026-04-29,15,1800,5600,1,0,0
A03,2026-04-29,16,2400,7800,1,0,0
A03,2026-04-29,17,1700,5800,1,0,0
A03,2026-04-29,18,1400,6900,1,0,0
A03,2026-04-29,19,1200,9200,1,0,0
A03,2026-04-29,20,1600,3000,1,0,0
A03,2026-04-30,9,1900,3600,1,0,0
A03,2026-04-30,10,4200,2900,1,0,0
A03,2026-04-30,11,3600,5400,1,0,0
A03,2026-04-30,12,1500,6800,1,0,0
A03,2026-04-30,13,2500,3900,1,0,0
A03,2026-04-30,14,2000,1300,1,0,0
A03,2026-04-30,15,2500,4700,1,0,0
A03,2026-04-30,16,2300,5000,1,0,0
A03,2026-04-30,17,1700,5800,1,0,0
A03,2026-04-30,18,2500,13100,1,0,0
A03,2026-04-30,19,4400,3800,1,0,0
A03,2026-04-30,20,1300,3300,1,0,0
A03,2026-05-01,9,2800,2000,1,1,0
A03,2026-05-01,10,2800,2100,1,1,0
A03,2026-05-01,11,6900,2600,1,1,0
A03,2026-05-01,12,3300,2800,1,1,0
A03,2026-05-01,13,3000,2000,1,1,0
A03,2026-05-01,14,1800,2400,1,1,0
A03,2026-05-01,15,3600,1900,1,1,0
A03,2026-05-01,16,2300,3800,1,1,0
A03,2026-05-01,17,1300,5000,1,1,0
A03,2026-05-01,18,2000,4900,1,1,0
A03,2026-05-01,19,1200,3200,1,1,0
A03,2026-05-01,20,1400,4900,1,1,0
A03,2026-05-02,9,2600,4800,1,1,1
A03,2026-05-02,10,6400,3200,1,1,1
A03,2026-05-02,11,10000,2100,1,1,1
A03,2026-05-02,12,9200,5000,1,1,1
A03,2026-05-02,13,3000,3800,1,1,1
A03,2026-05-02,14,1900,6000,1,1,1
A03,2026-05-02,15,2200,12400,1,1,1
A03,2026-05-02,16,4200,8700,1,1,1
A03,2026-05-02,17,1400,20000,1,1,1
A03,2026-05-02,18,2700,16100,1,1,1
A03,2026-05-02,19,4600,11800,1,1,1
A03,2026-05-02,20,2600,7000,1,1,1
A03,2026-05-03,9,5200,2300,1,0,0
A03,2026-05-03,10,2500,4100,1,0,0
A03,2026-05-03,11,5900,2200,1,0,0
A03,2026-05-03,12,1900,2100,1,0,0
A03,2026-05-03,13,3000,2400,1,0,0
A03,2026-05-03,14,3200,6400,1,0,0
A03,2026-05-03,15,4200,5700,1,0,0
A03,2026-05-03,16,4800,7400,1,0,0
A03,2026-05-03,17,2600,7300,1,0,0
A03,2026-05-03,18,1400,7500,1,0,0
A03,2026-05-03,19,1800,6400,1,0,0
A03,2026-05-03,20,2700,3600,1,0,0
A03,2026-05-04,9,2700,3000,1,0,0
A03,2026-05-04,10,3000,4000,1,0,0
A03,2026-05-04,11,2600,3100,1,0,0
A03,2026-05-04,12,4500,4000,1,0,0
A03,2026-05-04,13,2200,2700,1,0,0
A03,2026-05-04,14,2300,5400,1,0,0
A03,2026-05-04,15,1200,4500,1,0,0
A03,2026-05-04,16,1100,8500,1,0,0
A03,2026-05-04,17,2100,9800,1,0,0
A03,2026-05-04,18,1100,7600,1,0,0
A03,2026-05-04,19,4700,4200,1,0,0
A03,2026-05-04,20,1600,2300,1,0,0
A03,2026-05-05,9,2800,2000,1,0,0
A03,2026-05-05,10,4000,3400,1,0,0
A03,2026-05-05,11,7900,2100,1,0,0
A03,2026-05-05,12,4200,3800,1,0,0
A03,2026-05-05,13,3500,3800,1,0,0
A03,2026-05-05,14,1600,3000,1,0,0
A03,2026-05-05,15,2800,6900,1,0,0
A03,2026-05-05,16,2100,6700,1,0,0
A03,2026-05-05,17,1400,5800,1,0,0
A03,2026-05-05,18,1300,8700,1,0,0
A03,2026-05-05,19,1600,4400,1,0,0
A03,2026-05-05,20,3700,3100,1,0,0
A03,2026-05-06,9,3100,900,0,0,0
A03,2026-05-06,10,3400,900,0,0,0
A03,2026-05-06,11,2600,700,0,0,0
A03,2026-05-06,12,3700,1700,0,0,0
A03,2026-05-06,13,3400,1200,0,0,0
A03,2026-05-06,14,4500,4400,0,0,0
A03,2026-05-06,15,2100,5900,0,0,0
A03,2026-05-06,16,1700,2400,0,0,0
A03,2026-05-06,17,1700,2200,0,0,0
A03,2026-05-06,18,2200,2300,0,0,0
A03,2026-05-06,19,2300,3100,0,0,0
A03,2026-05-06,20,1400,2800,0,0,0
A03,2026-05-07,9,2000,3000,0,0,0
A03,2026-05-07,10,2700,1700,0,0,0
A03,2026-05-07,11,5600,1200,0,0,0
A03,2026-05-07,12,2900,2400,0,0,0
A03,2026-05-07,13,1900,2100,0,0,0
A03,2026-05-07,14,1400,1200,0,0,0
A03,2026-05-07,15,3000,4100,0,0,0
A03,2026-05-07,16,900,4200,0,0,0
A03,2026-05-07,17,2200,4100,0,0,0
A03,2026-05-07,18,1200,1700,0,0,0
A03,2026-05-07,19,3000,6700,0,0,0
A03,2026-05-07,20,1700,1600,0,0,0
A03,2026-05-08,9,6400,1600,0,1,0
A03,2026-05-08,10,5000,1300,0,1,0
A03,2026-05-08,11,6500,1100,0,1,0
A03,2026-05-08,12,4900,2000,0,1,0
A03,2026-05-08,13,3400,1600,0,1,0
A03,2026-05-08,14,4200,3100,0,1,0
A03,2026-05-08,15,2900,2800,0,1,0
A03,2026-05-08,16,1800,4900,0,1,0
A03,2026-05-08,17,2600,4300,0,1,0
A03,2026-05-08,18,2700,6000,0,1,0
A03,2026-05-08,19,3600,1800,0,1,0
A03,2026-05-08,20,2500,2000,0,1,0
A03,2026-05-09,9,3800,1600,0,1,0
A03,2026-05-09,10,2000,2900,0,1,0
A03,2026-05-09,11,3100,3200,0,1,0
A03,2026-05-09,12,5800,1700,0,1,0
A03,2026-05-09,13,4700,2900,0,1,0
A03,2026-05-09,14,6400,1700,0,1,0
A03,2026-05-09,15,2800,2100,0,1,0
A03,2026-05-09,16,2000,5700,0,1,0
A03,2026-05-09,17,2000,9700,0,1,0
A03,2026-05-09,18,2800,2700,0,1,0
A03,2026-05-09,19,1200,4200,0,1,0
A03,2026-05-09,20,2900,5100,0,1,0
A03,2026-05-10,9,2500,1300,0,0,0
A03,2026-05-10,10,7900,2900,0,0,0
A03,2026-05-10,11,3800,1200,0,0,0
A03,2026-05-10,12,9800,2200,0,0,0
A03,2026-05-10,13,2800,500,0,0,0
A03,2026-05-10,14,1400,1700,0,0,0
A03,2026-05-10,15,2700,3600,0,0,0
A03,2026-05-10,16,800,3100,0,0,0
A03,2026-05-10,17,1900,4200,0,0,0
A03,2026-05-10,18,3300,4600,0,0,0
A03,2026-05-10,19,1300,3700,0,0,0
A03,2026-05-10,20,1400,1800,0,0,0
A03,2026-05-11,9,2500,800,0,0,0
A03,2026-05-11,10,1800,900,0,0,0
A03,2026-05-11,11,2600,2500,0,0,0
A03,2026-05-11,12,2100,1900,0,0,0
A03,2026-05-11,13,2100,1700,0,0,0
A03,2026-05-11,14,2500,2400,0,0,0
A03,2026-05-11,15,1300,4300,0,0,0
A03,2026-05-11,16,1800,5100,0,0,0
A03,2026-05-11,17,3400,3700,0,0,0
A03,2026-05-11,18,1300,3900,0,0,0
A03,2026-05-11,19,2700,4100,0,0,0
A03,2026-05-11,20,1500,3300,0,0,0
A03,2026-05-12,9,2000,1100,0,0,0
A03,2026-05-12,10,4400,1900,0,0,0
A03,2026-05-12,11,4000,3700,0,0,0
A03,2026-05-12,12,3800,2500,0,0,0
A03,2026-05-12,13,3100,1800,0,0,0
A03,2026-05-12,14,1800,1700,0,0,0
A03,2026-05-12,15,2000,3700,0,0,0
A03,2026-05-12,16,2100,2600,0,0,0
A03,2026-05-12,17,1300,7200,0,0,0
A03,2026-05-12,18,1600,4400,0,0,0
A03,2026-05-12,19,1500,3500,0,0,0
A03,2026-05-12,20,2000,2200,0,0,0
A03,2026-05-13,9,2300,2100,0,0,0
A03,2026-05-13,10,2100,800,0,0,0
A03,2026-05-13,11,5800,2000,0,0,0
A03,2026-05-13,12,4500,1700,0,0,0
A03,2026-05-13,13,2700,800,0,0,0
A03,2026-05-13,14,2500,1800,0,0,0
A03,2026-05-13,15,2900,4200,0,0,0
A03,2026-05-13,16,1900,4400,0,0,0
A03,2026-05-13,17,4900,4000,0,0,0
A03,2026-05-13,18,2000,3700,0,0,0
A03,2026-05-13,19,1600,3600,0,0,0
A03,2026-05-13,20,3000,1900,0,0,0
A03,2026-05-14,9,3900,2600,0,0,0
A03,2026-05-14,10,10200,1900,0,0,0
A03,2026-05-14,11,4100,3300,0,0,0
A03,2026-05-14,12,4900,1600,0,0,0
A03,2026-05-14,13,5700,1500,0,0,0
A03,2026-05-14,14,5500,3500,0,0,0
A03,2026-05-14,15,3200,4500,0,0,0
A03,2026-05-14,16,6300,9900,0,0,0
A03,2026-05-14,17,2600,4700,0,0,0
A03,2026-05-14,18,3600,5800,0,0,0
A03,2026-05-14,19,3600,7700,0,0,0
A03,2026-05-14,20,2400,4700,0,0,0
A03,2026-05-15,9,3000,1900,0,1,0
A03,2026-05-15,10,4100,4000,0,1,0
A03,2026-05-15,11,8000,2500,0,1,0
A03,2026-05-15,12,3000,1200,0,1,0
A03,2026-05-15,13,5000,6000,0,1,0
A03,2026-05-15,14,4500,2100,0,1,0
A03,2026-05-15,15,6000,6400,0,1,0
A03,2026-05-15,16,4300,6300,0,1,0
A03,2026-05-15,17,1200,5200,0,1,0
A03,2026-05-15,18,3400,13200,0,1,0
A03,2026-05-15,19,1700,4900,0,1,0
A03,2026-05-15,20,2200,1500,0,1,0
A03,2026-05-16,9,5600,3800,0,1,0
A03,2026-05-16,10,5300,2300,0,1,0
A03,2026-05-16,11,4800,1700,0,1,0
A03,2026-05-16,12,3900,1300,0,1,0
A03,2026-05-16,13,1500,1000,0,1,0
A03,2026-05-16,14,2000,1700,0,1,0
A03,2026-05-16,15,4400,2600,0,1,0
A03,2026-05-16,16,3200,4700,0,1,0
A03,2026-05-16,17,2100,4400,0,1,0
A03,2026-05-16,18,2300,7500,0,1,0
A03,2026-05-16,19,1200,2100,0,1,0
A03,2026-05-16,20,1600,1000,0,1,0
A03,2026-05-17,9,3100,1600,0,0,1
A03,2026-05-17,10,1300,1100,0,0,1
A03,2026-05-17,11,2000,2700,0,0,1
A03,2026-05-17,12,2100,2000,0,0,1
A03,2026-05-17,13,2000,1100,0,0,1
A03,2026-05-17,14,3000,1300,0,0,1
A03,2026-05-17,15,1500,7800,0,0,1
A03,2026-05-17,16,1100,5500,0,0,1
A03,2026-05-17,17,4200,13700,0,0,1
A03,2026-05-17,18,2100,5600,0,0,1
A03,2026-05-17,19,1200,3600,0,0,1
A03,2026-05-17,20,1300,3900,0,0,1
A03,2026-05-18,9,1300,900,0,0,0
A03,2026-05-18,10,1800,600,0,0,0
A03,2026-05-18,11,3400,1300,0,0,0
A03,2026-05-18,12,3100,2300,0,0,0
A03,2026-05-18,13,2400,1300,0,0,0
A03,2026-05-18,14,1100,1600,0,0,0
A03,2026-05-18,15,1100,2100,0,0,0
A03,2026-05-18,16,1300,3100,0,0,0
A03,2026-05-18,17,900,4700,0,0,0
A03,2026-05-18,18,1900,3800,0,0,0
A03,2026-05-18,19,1400,1900,0,0,0
A03,2026-05-18,20,800,1500,0,0,0
A03,2026-05-19,9,1500,1600,0,0,0
A03,2026-05-19,10,2600,1700,0,0,0
A03,2026-05-19,11,1800,1300,0,0,0
A03,2026-05-19,12,2100,1000,0,0,0
A03,2026-05-19,13,2600,2300,0,0,0
A03,2026-05-19,14,2200,1200,0,0,0
A03,2026-05-19,15,700,3700,0,0,0
A03,2026-05-19,16,1500,3200,0,0,0
A03,2026-05-19,17,2800,2200,0,0,0
A03,2026-05-19,18,1600,3100,0,0,0
A03,2026-05-19,19,1400,2300,0,0,0
A03,2026-05-19,20,1800,1400,0,0,0
A03,2026-05-20,9,3200,3800,0,0,0
A03,2026-05-20,10,6000,1500,0,0,0
A03,2026-05-20,11,8100,1400,0,0,0
A03,2026-05-20,12,2600,2500,0,0,0
A03,2026-05-20,13,4100,1800,0,0,0
A03,2026-05-20,14,5300,4300,0,0,0
A03,2026-05-20,15,1300,2400,0,0,0
A03,2026-05-20,16,2800,5900,0,0,0
A03,2026-05-20,17,1900,6200,0,0,0
A03,2026-05-20,18,2800,5800,0,0,0
A03,2026-05-20,19,2100,2100,0,0,0
A03,2026-05-20,20,1400,2800,0,0,0
A03,2026-05-21,9,2000,2100,0,0,0
A03,2026-05-21,10,3100,3500,0,0,0
A03,2026-05-21,11,6400,3500,0,0,0
A03,2026-05-21,12,4200,2900,0,0,0
A03,2026-05-21,13,3200,1000,0,0,0
A03,2026-05-21,14,2700,1600,0,0,0
A03,2026-05-21,15,1300,3800,0,0,0
A03,2026-05-21,16,2600,5500,0,0,0
A03,2026-05-21,17,1200,3700,0,0,0
A03,2026-05-21,18,3800,3900,0,0,0
A03,2026-05-21,19,2400,2000,0,0,0
A03,2026-05-21,20,1300,1700,0,0,0
A03,2026-05-22,9,2800,2600,0,1,0
A03,2026-05-22,10,3800,1700,0,1,0
A03,2026-05-22,11,3500,1400,0,1,0
A03,2026-05-22,12,3000,1000,0,1,0
A03,2026-05-22,13,2600,800,0,1,0
A03,2026-05-22,14,2500,1500,0,1,0
A03,2026-05-22,15,1400,3200,0,1,0
A03,2026-05-22,16,2200,2700,0,1,0
A03,2026-05-22,17,3000,5400,0,1,0
A03,2026-05-22,18,2500,6400,0,1,0
A03,2026-05-22,19,4200,3600,0,1,0
A03,2026-05-22,20,2900,1300,0,1,0
A03,2026-05-23,9,4400,2400,0,1,0
A03,2026-05-23,10,5100,1400,0,1,0
A03,2026-05-23,11,3100,1700,0,1,0
A03,2026-05-23,12,8000,900,0,1,0
A03,2026-05-23,13,1700,2100,0,1,0
A03,2026-05-23,14,1600,1500,0,1,0
A03,2026-05-23,15,2000,1400,0,1,0
A03,2026-05-23,16,1000,4400,0,1,0
A03,2026-05-23,17,2700,4200,0,1,0
A03,2026-05-23,18,1200,4600,0,1,0
A03,2026-05-23,19,2300,5100,0,1,0
A03,2026-05-23,20,1600,2100,0,1,0
A03,2026-05-24,9,2400,2400,0,0,0
A03,2026-05-24,10,2700,1900,0,0,0
A03,2026-05-24,11,3300,2000,0,0,0
A03,2026-05-24,12,4700,1100,0,0,0
A03,2026-05-24,13,3400,2500,0,0,0
A03,2026-05-24,14,2100,2000,0,0,0
A03,2026-05-24,15,1700,2600,0,0,0
A03,2026-05-24,16,2500,4700,0,0,0
A03,2026-05-24,17,1800,5700,0,0,0
A03,2026-05-24,18,3600,4500,0,0,0
A03,2026-05-24,19,3600,4300,0,0,0
A03,2026-05-24,20,4200,1700,0,0,0
A03,2026-05-25,9,2700,2300,0,0,0
A03,2026-05-25,10,5300,2700,0,0,0
A03,2026-05-25,11,4500,1700,0,0,0
A03,2026-05-25,12,3200,1800,0,0,0
A03,2026-05-25,13,2500,2200,0,0,0
A03,2026-05-25,14,2100,4500,0,0,0
A03,2026-05-25,15,2200,5500,0,0,0
A03,2026-05-25,16,2400,5100,0,0,0
A03,2026-05-25,17,5000,9600,0,0,0
A03,2026-05-25,18,2200,5100,0,0,0
A03,2026-05-25,19,5100,4000,0,0,0
A03,2026-05-25,20,2600,2600,0,0,0
A03,2026-05-26,9,2700,1500,0,0,0
A03,2026-05-26,10,3400,1400,0,0,0
A03,2026-05-26,11,8500,5100,0,0,0
A03,2026-05-26,12,2100,1700,0,0,0
A03,2026-05-26,13,2800,1900,0,0,0
A03,2026-05-26,14,3500,4100,0,0,0
A03,2026-05-26,15,2800,5100,0,0,0
A03,2026-05-26,16,3100,5600,0,0,0
A03,2026-05-26,17,1900,5800,0,0,0
A03,2026-05-26,18,1500,8300,0,0,0
A03,2026-05-26,19,1900,6600,0,0,0
A03,2026-05-26,20,2500,2000,0,0,0
A03,2026-05-27,9,4800,3400,0,0,0
A03,2026-05-27,10,2600,2100,0,0,0
A03,2026-05-27,11,2300,2400,0,0,0
A03,2026-05-27,12,3100,2000,0,0,0
A03,2026-05-27,13,2200,2400,0,0,0
A03,2026-05-27,14,3200,2700,0,0,0
A03,2026-05-27,15,1400,2200,0,0,0
A03,2026-05-27,16,2700,4700,0,0,0
A03,2026-05-27,17,1200,1500,0,0,0
A03,2026-05-27,18,1100,3300,0,0,0
A03,2026-05-27,19,1400,1400,0,0,0
A03,2026-05-27,20,1700,2200,0,0,0
A03,2026-05-28,9,2100,4600,1,0,0
A03,2026-05-28,10,2400,3800,1,0,0
A03,2026-05-28,11,2100,1300,1,0,0
A03,2026-05-28,12,3100,800,1,0,0
A03,2026-05-28,13,2500,6500,1,0,0
A03,2026-05-28,14,1300,3200,1,0,0
A03,2026-05-28,15,1200,5400,1,0,0
A03,2026-05-28,16,1800,5700,1,0,0
A03,2026-05-28,17,1500,8100,1,0,0
A03,2026-05-28,18,900,4400,1,0,0
A03,2026-05-28,19,1600,9000,1,0,0
A03,2026-05-28,20,1300,3600,1,0,0
A03,2026-05-29,9,3400,2800,1,1,0
A03,2026-05-29,10,2600,4200,1,1,0
A03,2026-05-29,11,4200,1700,1,1,0
A03,2026-05-29,12,2800,3800,1,1,0
A03,2026-05-29,13,5300,1800,1,1,0
A03,2026-05-29,14,1600,1900,1,1,0
A03,2026-05-29,15,1300,6300,1,1,0
A03,2026-05-29,16,1700,6100,1,1,0
A03,2026-05-29,17,1800,14200,1,1,0
A03,2026-05-29,18,2800,8800,1,1,0
A03,2026-05-29,19,1900,2500,1,1,0
A03,2026-05-29,20,1800,2600,1,1,0
A03,2026-05-30,9,4200,2300,1,1,0
A03,2026-05-30,10,3400,2300,1,1,0
A03,2026-05-30,11,7900,1600,1,1,0
A03,2026-05-30,12,2500,1600,1,1,0
A03,2026-05-30,13,3100,3700,1,1,0
A03,2026-05-30,14,3500,2900,1,1,0
A03,2026-05-30,15,3100,8500,1,1,0
A03,2026-05-30,16,2400,9200,1,1,0
A03,2026-05-30,17,1600,6700,1,1,0
A03,2026-05-30,18,2100,8800,1,1,0
A03,2026-05-30,19,3100,5200,1,1,0
A03,2026-05-30,20,2900,3800,1,1,0
A03,2026-05-31,9,1900,5400,1,0,0
A03,2026-05-31,10,8800,6600,1,0,0
A03,2026-05-31,11,8800,1800,1,0,0
A03,2026-05-31,12,5300,4900,1,0,0
A03,2026-05-31,13,3600,4300,1,0,0
A03,2026-05-31,14,2000,3000,1,0,0
A03,2026-05-31,15,1900,5900,1,0,0
A03,2026-05-31,16,2300,14800,1,0,0
A03,2026-05-31,17,3500,11000,1,0,0
A03,2026-05-31,18,3800,10200,1,0,0
A03,2026-05-31,19,1800,9200,1,0,0
A03,2026-05-31,20,2200,5400,1,0,0
A03,2026-06-01,9,2400,8300,1,0,0
A03,2026-06-01,10,2500,5500,1,0,0
A03,2026-06-01,11,3200,4300,1,0,0
A03,2026-06-01,12,4200,3400,1,0,0
A03,2026-06-01,13,1900,5700,1,0,0
A03,2026-06-01,14,4800,3900,1,0,0
A03,2026-06-01,15,3000,8100,1,0,0
A03,2026-06-01,16,1300,5200,1,0,0
A03,2026-06-01,17,2700,14500,1,0,0
A03,2026-06-01,18,2700,6200,1,0,0
A03,2026-06-01,19,3900,4100,1,0,0
A03,2026-06-01,20,1900,4500,1,0,0
A03,2026-06-02,9,2900,3800,1,0,0
A03,2026-06-02,10,4000,4500,1,0,0
A03,2026-06-02,11,4100,2100,1,0,0
A03,2026-06-02,12,2900,7300,1,0,0
A03,2026-06-02,13,3700,2200,1,0,0
A03,2026-06-02,14,3200,1900,1,0,0
A03,2026-06-02,15,2000,3500,1,0,0
A03,2026-06-02,16,1400,4800,1,0,0
A03,2026-06-02,17,2000,6400,1,0,0
A03,2026-06-02,18,1400,13600,1,0,0
A03,2026-06-02,19,2300,1700,1,0,0
A03,2026-06-02,20,700,3100,1,0,0
A03,2026-06-03,9,1000,2100,1,0,0
A03,2026-06-03,10,2300,4100,1,0,0
A03,2026-06-03,11,2700,4900,1,0,0
A03,2026-06-03,12,3600,2100,1,0,0
A03,2026-06-03,13,1400,1300,1,0,0
A03,2026-06-03,14,1500,2200,1,0,0
A03,2026-06-03,15,3300,3300,1,0,0
A03,2026-06-03,16,900,5700,1,0,0
A03,2026-06-03,17,1700,6200,1,0,0
A03,2026-06-03,18,2600,5000,1,0,0
A03,2026-06-03,19,2500,5600,1,0,0
A03,2026-06-03,20,800,3800,1,0,0
